state	instructions	solution
12345672121232	22035105	R B D2 B R D' B D' B' R2 B2
12345672123212	21123569	R B R' B2 D' R B2 R D' R' D2
12345672321212	22177793	R B D' R2 B' R B2 R B' R' D2
12345673131323	21417427	R B R2 D B' D2 B' R B' R D2
12345673132313	25345629	R B' D2 B' R' B D' R D' R2 D2
12345673231313	24631245	R B' R2 B' R' D B' R D' R2 D2
12345761111111	14847230	R B R' D2 B' D R' D' B D2 B
12346571111231	10981746	R B R' B2 R' B' D' R D2 B D'
12346751113133	15297292	R B2 D R' D B D' R2 B2 D R
12347561112212	14002034	R B D' R D R2 D2 B' R' B D2
12347651111111	23240129	R2 B' R B D B2 D B' D' R D'
12347651122112	14370842	R B' D R2 B R2 B' D B' D2 B2
12347651133311	13099237	R B2 R B R' B D2 B' R2 D R2
12347652111221	11802714	R B R2 B' R D' B2 R2 D' B' R2
12347652123233	13966638	R B2 R' D2 R B' R' D R2 B D2
12347652123332	17212849	R D2 R' D2 R B' D' R D2 B D2
12347652223232	13027990	R B2 R2 B D R' B' D B' R' B
12347653111133	13909193	R B2 R2 D B D2 B D' R' D2 B
12347653132223	11892460	R B R D' B2 D R' D' R2 D2 B2
12347653132322	11621187	R B R D B2 R2 D2 R D2 R' B
12347653332323	13096444	R B2 R2 D2 B' D B' R B2 R' B
12354671111111	16389612	R B' R2 D' B R' B' D R2 D B
12354761112323	21689257	R2 B R' D R B2 D' R D R2 D'
12354762121112	15440171	R B2 R' D R2 D R B' R' D R2
12354762121211	16780460	R B' D R' D2 R D2 B D' B2 D
12354762311123	12606387	R B D B D2 R' D B' R' B2 R2
12354763131131	14045974	R B2 R B2 R2 D R' D R2 D R2
12354763133111	12763465	R B R B2 D2 B' D' R2 D' R2 D2
12354763211123	14948769	R B2 D' B R' D R2 D R D' R2
12356471113133	13504348	R B R2 D2 B' D B D' B D2 R
12356741133131	18306979	R B R2 B D2 B' R B2 D' B2 D
12356741313131	19061794	R B R2 D B' D2 R2 D R' B' R2
12356743113131	19173186	R B D2 B' R2 B D' B2 D' B R2
12357461111222	14804823	R B' R2 D B2 D' B2 D' R' D R2
12357461113331	14244957	R B2 D2 R D2 R D' R' B' D2 B'
12357462211112	14674267	R B' R B R2 B2 D2 R' D' R D2
12357641113331	13823321	R B R2 B2 D B' D2 R D B2 R2
12364571112212	15412842	R B2 D2 R D2 R D' R' B' D2 B2
12364751112212	13207577	R B D2 B D' R D' R' D2 B R'
12364751113133	13888142	R B2 R' D R2 B' R D R D' B'
12364753311131	13332514	R B D2 R' B R B2 R D' B' R
12365471111111	16373221	R B' R2 B' D' B' D R2 B R' D
12365471211122	13865158	R B2 D B' D2 R' D R D' R D
12365471313113	11480116	R B R D2 B' R2 B D2 B2 R' B
12365472223232	12849507	R B2 R D' B R D2 B2 D R D2
12365472321233	14839709	R B' D2 B' D B2 R2 D R' D2 B
12365473232312	11675907	R B D B D2 R D2 R B' R2 D2
12365473332323	11719016	R B R2 B' R D B2 R' D' B D'
12365741113331	13965402	R B D' B R D2 R2 D' R' B2 D
12367451123333	20593891	R B2 R2 B R D' R D' R D' R2
12367451132222	18762785	R B D B2 R2 B' R B' D' B2 R
12367451213333	19971632	R B2 R2 B' R B' D R' D B D2
12367451312222	24426663	R D2 R2 D B' D R' D B' D R2
12367452113333	22085240	R B' D B2 D2 R' D R' B' R B2
12367453112222	19905794	R B2 R2 B' R2 D' R B2 R2 B' D'
12367541112212	17277441	R B' D' R2 D B' R2 D B2 D' B2
12367541113331	19801173	R D2 B D2 B' D R' D R' B' R
12367541331131	12675843	R B R2 D2 B' D R' D B D' B'
12374561121212	19105071	R B R2 B R2 D' R B D2 B R2
12374561211212	18809014	R B R' B R' B2 D R' D B D2
12374562111212	22332478	R B' D B2 D2 R' D R' B' R B
12374651111222	15476528	R B2 D B' D' B2 R B2 R B2 R2
12375461111222	14958062	R B2 R' D R2 B' R D R D' B2
12375641113112	14129967	R D R' B2 R' D' R' D B2 R D'
12376451111222	15750763	R B' D R D' B D' R2 B R D2
12376451113133	15041361	R B2 D B2 D' B R' D B' D' R
12376451221211	12968542	R B D2 R' D R' B2 R' B2 D' R2
12376541112323	15681708	R B2 R' B' D R2 B' R' D B' D2
12376541232233	18560757	R D' B' R2 B' D' R2 D B R2 D'
12376541322233	12861711	R B D' B2 R D' B' R' D2 R2 B
12376542121232	14318867	R B2 R B D2 R' B2 D B R B'
12376542123212	13205624	R B R D' R2 B D' R2 B2 D B'
12376543133132	11537329	R B R D' B2 D R' D' R2 D2 B'
12376543133231	11470837	R B R D B2 R2 D2 R D2 R' B2
12456731132321	20925131	R2 D R' B2 R' B' R' D R2 B D'
12456731233223	12420207	R B' R B' D R2 D2 B2 D' B D
12456733223321	12502133	R B' R D' R' D R D2 B' D' B
12463751231231	13203610	R B2 R B2 R2 D R' D' R D' R
12467351131121	13220151	R B' D2 R' B R B D2 B R' B
12467351231321	11450851	R B D B2 R' B R' B D' R2 B
12473561132123	12584497	R B' R D R' D2 R' D' B' D B'
12536741112323	13559041	R B R D2 R D' B' D' B2 D2 R
12537461332112	12619599	R B D2 R D' R D2 R2 B' R' D
12543671111111	16837006	R B' R D R' D2 R' D' B' D B2
12543671211212	13115598	R B2 D R' D2 B' R B D' R B
12543671331113	12033068	R B D R2 B' R2 B D2 B2 R' D
12543672121121	12286006	R B D2 R2 D B2 D' B R B2 D'
12543672321332	12697346	R B2 R' B R' D B2 R' D' B R'
12543672322232	12306148	R B D R' D2 R D' B D' R2 B'
12543672331232	11667253	R B R2 B D' R B2 R D2 B D2
12543673111331	11989007	R B D R' D R2 D' B2 R B' R
12543673221323	12567290	R B2 R D2 R2 B' D R D' R2 D
12543673231223	12029711	R B D B2 R' D' B R' B D2 R
12543673233323	15277797	R D R' D B R B' R2 B D' B2
12546371221331	12527834	R B2 D2 R B2 R D' R' D' B2 D2
12563472131213	15587276	R B' R2 B' R' D2 R B R2 D' B'
12563473131212	14608369	R B2 R' B R' B2 R D2 B' R D'
12564733323122	11990687	R B R B D' B2 R2 B' D2 R' B
12567433232333	12463411	R B R' B' R D2 R' B D R B2
12576343212221	15359968	R B2 R' B R' D R2 D2 B2 R' D'
12637451132111	14744690	R D R' D2 R B' D B R2 D2 B2
12637451332112	11066000	R B R2 B R B2 D' R2 B R D2
12643571321321	12169746	R B D2 R2 B' D B R' B D2 R
12645371131121	13660310	R B' D2 R' B R B D2 B R' B'
12673542331133	16862502	R D R' D R' D B' R2 B R2 D'
12734561112323	13482887	R B R D2 R D' B' D R' B2 D2
12734561322233	11885190	R B R2 D' R2 B D' R' D B' R2
12734562313223	11392604	R B R B R D2 B D' B D2 R2
12745631111111	39853094	B R' B R B' D2 B' R' B' R D2
12745632111122	13107269	R B D2 B R2 B' R2 B R' D' R2
12745632212213	15463941	R B' D2 B R' B2 D B R D' B
12745632222221	12565730	R B D2 B' R' B2 R' B D R2 B2
12745632232211	14943991	R B' R2 B R' B2 D B D R' B
12745633131131	14005655	R B2 D' B' D B2 D R B2 D2 B
12745633313312	12257198	R B2 R B R2 B2 D B' D B2 D'
12745633313333	13068138	R B D' R' B R' D' B D2 R' D2
12745633323311	12416244	R B2 R D B2 D2 R B' D R2 D'
12753462231323	14002531	R B R2 B2 D R' D2 B R D2 B2
12763452322232	12639348	R B D R' D2 R D' B D' R2 B
12765432121313	14211723	R B D2 B2 D' B' D2 R B2 R' D2
12765432222212	21505493	R D' B2 D' B D R D2 R2 D R
12765433121213	16122324	R B' R D' B2 R2 D R B' D B2
12765433331333	14732331	R B D2 B2 D' B' R2 D B2 D' R2
13245671321111	14244935	R D R' B D2 R D' R' B' D2 B'
13246571111111	18014303	R B2 R' B' R D2 B' R' B D' B2
13246571112233	12119456	R B R' B2 D B' D' R' B2 R2 D
13246571113232	18790084	R D' B' D2 R D R2 D' B' R2 B'
13246572321332	14235160	R B2 D R2 D R D B R2 B R'
13246572331232	12863289	R B R2 B D' R B2 R D2 B D
13246573221233	13299981	R B2 R B R' B R B D2 R B2
13246573321223	13557519	R B2 R B' R2 D B D2 R' D' R
13246752133211	16528177	R B2 D' B2 R D' B D' B R' D
13247563212131	14733939	R B R' B2 D2 B' D' B D' R D'
13254761322233	14021771	R B' R' D2 B D' R' B D' R2 D'
13254761323322	12044245	R B2 R B R2 B2 R' D R2 B' D'
13254762321233	16660945	R D B2 D' R' B2 D B' D R B'
13254763323122	14253328	R D R' B' D' B' R2 D R' D2 R
13257641112233	12243675	R B R2 D2 B2 D' R' D' R B2 D'
13265741112323	20238869	R D R2 D' B2 R2 D R B' D B2
13265742131312	17290174	R D R B2 D2 R B' D R' B D'
13267451122211	15036632	R B' R2 D B2 D' B' D2 R2 B R'
13267451311133	12609080	R B R D2 R D' B' D' R2 B R
13267541111132	16045451	R B2 R2 D' R B' R2 B' R' D R'
13267541232212	14638340	R B R D' B R' D B2 D R D
13274651112323	17865638	R B2 D' B2 D' R D' R2 B2 D' R
13275461112233	13475610	R B2 R' B2 D2 R' D B R' B2 R
13275463213211	13324247	R B2 R2 D2 B' R' D R' D2 R B'
13275641112233	16278334	R B2 R' B D' R B' R B' R2 B2
13275641112323	20252304	R B2 R' B R' B R' B D' R2 D2
13275642131333	15354517	R B D R' B2 D' R B' D B' D'
13275643212221	16440397	R B2 R2 B' R B2 D' B2 D R2 B'
13276451113211	17684150	R B' R2 B' R D R2 D R' D2 R'
13276451233133	17597226	R B' R B R' B2 D2 B R' B2 R'
13276541133122	13063243	R B' R2 D B D2 B R2 B R' B2
13276541213312	17551078	R2 B D' R2 B' D R B' D R2 B2
13276541321123	13103373	R B' D2 R B R2 B D2 B R' D2
13276541322311	16870399	R2 B R2 B' D B R2 B2 R B D'
13276541323112	11023029	R B R2 D' B D' B R B R' B2
13276541323322	11501596	R B D2 R' B D' R D B R' D2
13276542323312	13129138	R B2 R' D' R' D B2 R' D2 R B2
13276543323122	12692401	R B' R B' R B2 D' B' D B2 D'
13462571111111	14165449	R B D R2 D R' B' D' B2 D2 R
13462572213311	11785837	R B R2 D B' D2 B' D' R D2 B'
13527461211113	14057529	R B' D' B D2 R' B D R D' R2
13542671231231	11237899	R B R' B R D2 R2 D' R' D2 B
13546271213213	12571362	R B D2 R2 B' D R' B D B' D'
13546271231231	16200043	R D2 B R2 B' D R' B R' B' R
13546271321321	13923295	R B' R' B2 R D' R2 B D2 B' D2
13572641122133	17885209	R D R2 D' R2 B2 D R D' B D2
13576241312213	17441041	R B2 R2 D' B D' B2 D' R' D R'
13576241321321	13989740	R B R' D B R' B2 D R' B D'
13627451332112	12472623	R B R' B' D' B D2 B' D R' B'
13642571221223	16578658	R B R2 D B R2 B2 D' R' D' B2
13642571223221	16547280	R B R2 B2 R' B2 D' R' D2 R' B'
13642573221221	18755269	R B' R D2 R' D R' D R D' B2
13645271221331	11648883	R B D2 B2 R D' B2 R B D2 R2
13647521111111	13659784	R B R D B2 D R' B' R' B2 R2
13675241112323	14949627	R B D2 R2 B2 R' B' D' R D2 B'
13675242331313	13445604	R B2 R' D R D R' B2 D B' R'
13725642332132	13830300	R D B2 R' D2 R' B R' D2 B2 D
13754262123323	26654647	R2 B' D' R B' D R2 D R' D R2
13762451321321	11662406	R B R2 B2 R B2 D R2 D2 B D'
13764251211311	10722250	R B R B' D2 R' B R' B' R B2
13764252323231	12411595	R B D2 B D' R B' R B2 D' B
13765422121211	16617154	R B D B2 D R D B2 R' D R
14263751131121	12520023	R B' R D B2 R' D B' D B' R2
14267351321321	12663328	R B D2 R2 B2 R' D B' D' R B
14275633323122	13501670	R D R2 B' D2 B' R D' B2 R2 B
14325671111111	46273203	B2 R' B R D B2 D R' B' R D'
14325672112121	12271976	R B D2 B D2 B' D2 B R' B' R2
14325672231323	12701970	R B D' R D' B2 D' B R D B2
14325672323222	12393272	R B D2 B2 R D B' R D2 R B2
14325673123232	12668076	R B2 R' D R' B2 D2 B R' D B2
14325673232333	11899581	R B R2 B2 R' D' R2 B R B2 D'
14325673311131	14420759	R B2 D' R' D B2 D B D2 R2 D
14327652131213	13805758	R B D2 R' D' B2 D R D2 R D'
14327653121213	14680751	R B2 R' D2 B D B2 D2 B' R' D2
14352672212111	13220469	R B R2 B' D2 R B' D2 B R D'
14356721112323	13749644	R B D B2 D B' D' R' B2 R2 D
14356721322233	16072986	R D B' R' D B2 D R D2 R2 B'
14367252322232	12722590	R B D2 B' R B2 R D2 R2 B' R'
14367523311113	22358465	R D' R' B' R B' R' D2 R' D' B
14523672121313	14191198	R B D2 B2 D' B' D2 R B2 R' B2
14523673121312	17120716	R B' D' B D2 B2 D B' D' R D2
14527631121311	13166595	R B2 R2 D2 B' R D' R D2 R' B
14527631131211	12684209	R B D2 R' D' B R' D2 B R B
14527631133311	12254369	R B R B D2 R2 B2 R B2 R' B
14527631211131	13859731	R B' R B R2 D' B' D B2 D' R'
14527631311121	13669617	R B2 D2 R2 D' R' D R' B2 R B
14527632122213	13801040	R B2 D2 B D R2 D R D2 R' B
14527632212111	14024744	R B2 D2 B R2 B R' D B2 D' R
14527632333332	16505517	R D2 R' D2 R D' B' R D2 B R2
14527633132322	12803347	R B2 R D R' B D2 B' D2 R D2
14527633312133	13197350	R B D' B2 R2 D R' B' R B' D
14536273311311	14754455	R B D2 B2 R D' B' D B2 R B
14537622231323	13022256	R B R2 B2 D R' D2 B R B2 D2
14563272323222	12016698	R B R B' D2 B D' R' B D' R2
14567231312213	17457156	R D R' D' B D2 B D' R' B R
14567231321123	14905936	R D R' B' D B2 D B' R' B R
14573261333111	14225146	R B D2 R D' B R2 B2 D' R' B
14625731111111	17789121	R B' D R' B2 R D2 B' D R D
14625731131121	14122143	R B' D' B' D R2 B' R2 B R' D
14625731322233	12729624	R B2 R2 B' D R B' D2 R2 B' R
14625732112121	13373455	R B2 R' B D' B2 R2 D' R' B2 D'
14625732113321	14918366	R B' R D' R2 D B' D B D2 R'
14625732213323	12589007	R B R2 B D R' D2 R' D2 R' B2
14625732233111	13850811	R B2 R D' B R D2 B' D R B
14625733133111	12470850	R B D B' R D2 R' B2 D B' R
14632571111111	21777213	R2 B R' B2 R' D' B' R D2 B R'
14632571321132	12848484	R B' R B' R' D B R2 D' B' D
14652733321331	13878648	R B R B D2 R D' B2 R2 D' R
14673251111111	17355671	R B' D' R D2 B' D B R B' R2
14723651111213	12573046	R B D B' R2 B D' B D' B2 R'
14723651111312	15989122	R D B D' R2 D R' D B' D2 R'
14723651112131	12672654	R B D2 B' D B R2 D' B' D R'
14723651113121	12147940	R B R2 D' R' B R' D2 B R D'
14723651211212	11563830	R B R2 B R' D B2 D B2 R D2
14723652322121	10778786	R B R2 D' R2 D B R2 D' R2 B'
14723652331232	13297689	R B2 D B' R2 D' R B D' B R
14723653232222	12081089	R B D R2 B' D' R D' R D2 B
14723653313111	12530259	R B R2 D2 B' R2 B R' D' R B2
14723653321313	15331654	R D B' D2 R D B2 D R2 D2 B
14725361111111	14391521	R B R B' D R' D B2 D2 B D'
14725361111123	12531883	R B D R2 D2 R D B' D R' D'
14725361322332	13451619	R B2 D2 R' D' R D' R2 B R' D2
14725362211121	15578366	R B' D2 B D R2 B2 D2 R B' D'
14725363211213	12165456	R B R2 D' R' D R D2 B2 R2 D'
14725363213121	11792044	R B R B2 D2 B' R' B' R D2 R2
14725363223213	12400683	R B D' R B2 D' R' B R' D2 B'
14725363311113	15869788	R B' D R2 B' R2 B D' R B R
14726531223122	13813299	R B' D2 R2 B' D B' R2 D B' R2
14726531232122	13835719	R B' R2 D2 B' R D' B2 R D' R2
14726531233313	12322730	R B D2 R' B D2 R D' B' D' B
14726531333312	11466722	R B R2 D' B D2 R B' D' B' D
14726532232313	14250412	R B2 D B D2 R2 B D' B D2 B'
14726533323122	12051858	R B2 R B' R B2 R2 D B D2 B'
14735621221112	12440251	R B R' D' B R' B' D B' D R'
14735621223113	11480331	R B R' B' R D' B' D R' D R'
14735621223332	18175938	R2 B D' B2 R' D R D' B R2 D2
14735621233112	15295951	R D B2 R' B R' D R B R' D2
14735621323112	14557633	R D R2 B' R D' B R D R' B2
14735621332112	11276854	R B R D2 R D2 R' B2 D B R2
14735621333111	12032121	R B R B2 R D2 R' D2 B D R2
14735621333222	11274006	R B R2 B D2 R B D' B D' B'
14736251111132	13472676	R B2 R D R2 B2 R' D' B2 D R'
14736251112332	12401720	R B R D2 B2 R B' D' B D2 R2
14736253222223	12560940	R B R' D' B D' B D2 R' D' B2
14736521132222	13611629	R B2 R D R' B R D B2 R B2
14736521133131	13422931	R B D B D2 R2 B2 R B2 R' D2
14736521211212	12869184	R B R2 B R' D B2 D B2 R D
14736521213333	13173223	R B2 R D R2 B' R2 D R B D'
14736521221313	13621844	R B2 D' R D2 R2 D' B D2 R' D2
14736521321231	18440386	R D' R' D2 R' D' B2 D R D2 B'
14736521322233	12295206	R B R' D2 B D' R' B' R2 B2 D
14736521332121	15485270	R D R' D2 R' B R B D2 B2 D
14736523112222	13684841	R B2 R D' R2 B R D2 B' D' R
14736523113131	12900327	R B R2 B' R D2 R' D R B2 D'
14752363222121	11853724	R B R2 B R2 B D' B' D R2 D
14752363232222	15262044	R B' R D R B' R2 B' R2 B' D2
14752363233131	13584410	R B2 R D2 R2 B R' B R2 B R2
14752631111111	16857556	R B' R' D' R D2 B' D2 B R' B
14752631112311	13982817	R B' R B' D2 B D2 R' D R B
14752631323223	12393322	R B2 R2 B' R D B' D2 R2 B' R
14752632332132	11977494	R B2 R2 B' D2 B R D' R2 B D'
14752633213223	12200272	R B2 R2 D2 B R' D' R D' B D2
14752633222223	13010800	R B2 R D' B2 D' R2 B D2 B' R
14752633223123	12594728	R B2 D2 R2 B' R B' R D2 B' D
14752633223231	13666434	R D R B' D R' B' D2 R2 B' D
14753261221112	12331267	R B R2 D R' D R2 D2 B' R' B2
14753261323112	15301326	R D2 R D B2 D2 B' D B2 R' B'
14753261333111	12356921	R B R2 D' R' D' R' B R' D2 R
14762351221331	14172496	R D R2 D' R' B2 D B' R B D'
14762351321231	15211562	R B' D' R2 B D' B' D B' R2 B'
14762351331221	11618471	R B2 R B' R2 D2 R' B R D2 R
14763251221223	21771129	R D R' D' B R D2 R2 B2 R D'
14763251222312	20223531	R B' R' B2 D' R B' R2 D2 R' D
14763251332331	19090675	R B2 R2 B' R' D B' D R' B D2
14763251333123	18036921	R B D2 R2 B2 D R D' B D' R'
14763252322121	17491255	R B R' B' R B2 D' R B' R' D
14763253132232	17182096	R B R B' R2 D2 R' D' B D2 R'
14763253133132	17166573	R B R D2 R2 B' R D' B R D2
14763253133222	18607233	R B2 R2 B R2 D' B D2 B2 D' B'
14763253133231	18003932	R B D' R D' R2 B2 R B R D2
14763253221221	17315618	R B R' B R' D B2 R2 D2 B R'
14763253222112	19856970	R B' R B' R B' D B2 D2 B' D2
14763521113211	13692060	R B2 R B2 D2 R B2 R' B2 R2 D'
14763521113223	12514849	R B R2 D' R' B' D R' B D' B2
14763523222331	10556984	R B R B' R D B2 D2 R' B' D
14765231111213	13546944	R B2 D2 R2 D' R' B R' B2 R D
14765231111312	14129111	R B' R D R' B2 D B2 D B' R
14765231112131	13199813	R B2 R2 D2 B' R B' R D2 R' D
14765231113121	12073882	R B R2 D' R' B R' D2 B R D
14765231133131	12197252	R B D B D2 R2 B2 R B2 R' D
14765232211211	12445355	R B R2 D' B R' D2 B D R2 D2
14765232232322	12343174	R B R' D R' B2 D2 R D R D'
14765232331313	12364867	R B2 R2 D2 R B' R2 D B R2 D2
14765233113131	11663134	R B R2 B' R D2 R' D R B2 D2
14765233323332	12449852	R B D2 B' D B' R2 D2 B' D' B2
15236471111111	15998091	R B' R2 B' D' B' D R2 B R' D2
15236473231121	11145934	R B R' D2 B' D R D' R D2 B2
15243671331221	12514387	R B2 R' D B2 R' B D R B' D2
15246371331332	17236896	R B D' B R' B2 D R' B D B2
15246371332331	16680042	R B R' B2 D2 B R D R' D' R
15246372331331	16479105	R B R2 B D B2 R D2 R2 D' B'
15267431223113	12562129	R B R2 D R' B R2 B2 D' R' D
15273641112323	15618260	R B2 R' B2 D2 R' B D R' B2 R
15324673113311	21469625	R2 B R' D' R' D R2 B' D B2 D'
15342671211311	10721023	R B R B' D2 R' B R' B' R D2
15346271321321	11486700	R B R' D R D2 R2 B' R' D B2
15367421211113	15240713	R D B' D2 B D' R B R2 D2 B2
15367421223113	11362455	R B D2 B D R2 B' R2 D R D2
15367423211123	13183761	R B D' B R B' D R' B2 R2 D
15426371111111	14172978	R B D R2 D R' B' D R' D2 B2
15426371112233	12491767	R B D2 R' D2 B D' B' R D' R2
15463271313113	13893939	R B R2 D R' D R2 D2 B' R' B
15624732123212	16956154	R B' D B' R2 B D2 R D' B2 D
15624732133313	14130122	R B D2 R2 B R' B D R' B2 R'
15624732333332	13269794	R B R' D B R2 B D' B2 R D2
15627431223113	11362612	R B R' D' R' D' R2 B R' D2 R
15627431322113	15581921	R D2 R B R2 B2 R' D B2 R' D'
15627431332112	11582845	R B D2 R D' R D2 R2 B' R' D2
15634722123332	18026716	R D' R2 B R2 B' D' B2 R2 D R'
15634722321233	13078562	R B D2 B R' B D' B' R2 D R'
15637423211123	14703289	R B R2 B' D B' D R2 D' R2 D
15642371111111	30037564	R2 D R' B D B2 R' D B D2 B'
15642372213311	12871267	R B2 R B D2 B' R' B2 D R B'
15642372231332	13264731	R B D' B R B2 R B' D2 R B2
15642372331322	12352099	R B R D2 B' R2 D R B2 R D'
15642373212311	12617042	R B R' B D2 R' D' R D' B2 D2
15642373221323	13384125	R B D B D R' D' B R2 D' B
15642373231223	15141169	R B' R B R B' D2 B' D2 B' D2
15643271221331	12184988	R B2 D2 R B2 R D' R' D' B2 D'
15643271331221	12930535	R B' R' B' D B2 R' B D2 B' D
15643273223111	11459046	R B R B2 R D' B' R' B2 D R
15647233213232	11440007	R B R B' R2 D2 B D' B' D R2
15672341113232	14784845	R B' D' B2 R D' B' R B' R2 B'
15672341323112	11721181	R B2 R B D2 B2 D' B R2 D' B'
15672342323312	13488519	R B2 R' D' R' D' B2 R B2 R' B2
15672343213232	11450123	R B2 R D' R2 B2 R' D R B2 R
15672433312133	16168199	R B D B' D B' R B' R B2 D
15724362212132	15616548	R B D' R' D B R' D2 B2 D R2
15724631111111	14660275	R B R D2 R2 D R B' D R' B'
15724631211311	11933068	R B D B' D R' B D2 B2 D B'
15724631322233	13482291	R B2 D2 R' B' D R' D2 B R' B2
15724632123233	16867658	R D B R' D B' D B2 D' R2 B
15724632313223	12474922	R B D' R' B2 D' B' R D2 B' D'
15724632323231	13842886	R B2 D2 R2 D R B R' B D' B2
15724632323333	13748198	R B2 R2 B' D' R B2 D' B R D2
15724633132322	11558743	R B R B2 R' D B2 R' B2 R' D2
15734622331223	13817584	R B R B D B' D2 R B2 R B2
15746321111111	18473212	R D2 R B' R B R2 D' B D B2
15746321323211	11042931	R B D R B2 R D R2 D2 B' D'
15746322313112	10370157	R B R B D2 B D R2 D2 B' D'
15762342122213	19220991	R B D' R B' D R2 D R' D R'
15763241111111	16404626	R B' R' D R2 B' D B D B' R2
15763242323132	11743468	R B D R2 B2 R' B' R2 B' D2 B
16243571132132	11697052	R B R2 D' R D' B2 D' R2 B' R2
16243571231231	12621901	R B' R B R' B D' R2 B R B2
16243571321321	12096098	R B2 D R2 D' B D' B R' D' R
16245371231231	13081268	R B2 D R' D' B2 R D2 R D2 R2
16254733312223	22622802	R D R2 B' D' R2 D' B R B2 R
16257431132111	13319606	R B' R' B D2 R' D R B D' R2
16257433223123	11288596	R B D B2 R2 B' D' B2 D' B2 D
16273541122133	19123594	R B' R2 D2 R D R2 D R B' R
16273541321321	16896316	R B' D R D' B2 R2 B R' B2 R'
16275341312213	15930751	R B2 D' R2 D' B D' B2 R2 D' R
16275343122221	13045305	R B D' B2 R D' R' D' R B2 R'
16327453232333	12248239	R B R2 D2 R' B2 R' B D2 B' R'
16342571331221	12939022	R B2 D B' D B D' B2 R2 D R
16345271111111	28012075	R2 D' R B' R' D R2 D B D B'
16345271133131	12612130	R B2 R B D' R D2 R' D2 B R2
16345271222111	13765381	R B' R B2 D R2 D' B D' B2 D2
16345272322232	13299900	R B2 D2 R2 D' B' D R' D2 R D
16345272333212	12107513	R B R2 D' B D' R2 B D B2 D2
16345273122323	14764482	R B' D B' D2 R B D2 R' B R'
16345273233323	15841341	R D2 R2 B' D' R B' D2 B R' B2
16347252131312	17865706	R D R2 B' D R B D2 B2 R' B
16347253121312	16905749	R B' D2 B' R B R D2 R2 D B
16357421223113	13050088	R B D' R' D' B D2 B' R D' B'
16374521112323	13819381	R B D B2 D B' D' R D' B2 R2
16374523211123	12300581	R B R' B' R2 D' R' D R2 B' R2
16423572112121	14652407	R B D2 B2 R D' B D' R B R2
16427531211311	11759749	R B D R2 B2 D R' B' D B2 R2
16427531231321	12976996	R B2 R D B2 R2 B' D' B2 D R'
16427532333233	21386026	R2 B D2 B2 R B' R' B D2 R D
16453271111111	17754782	R D R' B2 R B' R D R2 B2 D2
16453271211113	11856643	R B D2 B R B2 D' R2 B R B2
16453272111131	11989054	R B D' R B R' D R' D2 R2 B
16475233132313	17672431	R B2 R2 D2 B' R2 B' R' D R' B'
16523473332323	12162057	R B R2 B' R D B2 R' D' B D
16523741112212	14244082	R B R D2 R2 B' R D2 R' D2 R2
16524731112212	16457098	R D R2 D' B' R2 D B' R D B'
16524731112233	14138841	R B' R' B2 D B' D' R D' R2 D'
16524731113133	13992471	R B2 R B' D2 R2 D' B R D2 R
16527341111111	13904565	R B D R2 D B2 D R B R2 D2
16527431123333	20611706	R B2 R2 B' D' R B' D R' D B2
16527431222132	21422984	R B' R D' R B' R D2 R2 D' B2
16527431312222	23245341	R D R' B' D R D2 R2 B2 R B'
16527431333213	18399829	R B R2 D2 B2 R B R' B D' R'
16527432113333	18673740	R B R B' D2 R2 D B D B' R2
16527432211322	21550830	R B' R B R' B D2 R2 B' D R2
16527432231122	19374510	R B R' D' B D2 R' B R' D' B
16527432231332	18489459	R B R D' B2 R2 B R D B' R2
16527432331322	19756999	R B2 R B R D2 B R' D2 R' D
16527432333113	19232984	R B D2 R2 B2 D R B' R B' R'
16527433312133	18873720	R B R B2 R2 D' B R' B R B2
16532471111222	15783874	R B2 R B2 R2 D B' R' B D' R
16534271111111	15605199	R B' R2 D' B D B R2 B R' D
16534271111132	11642377	R B R B2 D' R B' R B' R2 D
16534273211111	14629523	R B' D2 B' D B2 D R2 B D B2
16534723211123	19119348	R D2 R B D2 B' D' B2 R B D
16537421111222	12897190	R B R2 B' R' D2 B R' B R B'
16537421113322	13016343	R B2 R D' B2 R D B R2 D' R2
16537421113331	13699771	R B D2 B D R' B2 D R D B'
16537421223113	11362888	R B R2 D R' B R2 B2 D' R' D2
16537421233112	15986479	R D2 R D R2 D2 R' B D2 R' D'
16537421332112	11513219	R B R2 D' R' B' R' B R' B2 R
16542371221331	10830346	R B R2 B D' B R' D' R2 B R'
16542371331221	12001964	R B2 R' D B2 R' B D R B' D'
16542372112331	16714162	R D' R D R2 D2 B2 R' D' R B2
16543271221223	22856393	R D2 R2 D R' B R' B R' B R2
16543271223221	17020946	R B R B2 D2 B' D R' D' B2 R
16543271331332	18448944	R B2 R2 B' D B' D R' B D B2
16543271332331	18630188	R B2 R2 B D B' R B' D B' R2
16543272331331	17247734	R B R2 B2 R' B D2 R B2 R2 B'
16543273221221	18393097	R B2 R2 B D' B R' D R' B R2
16543721111111	14246730	R B D R2 D R' B' D R' B2 D
16543721113211	11673693	R B R D' R2 B D' B' R D' R2
16547233332323	13430377	R B2 R2 D2 B D' R B' D2 B R'
16547321113331	16813944	R B2 D' R2 D B D2 R2 B' D' R2
16572431111111	16121531	R B' R' D B' D2 R' D B R D2
16572433213223	11593000	R B D' R2 B2 R D2 R D2 B R
16573241123123	13553859	R B' R D R2 D2 B2 R' B' R B2
16573241312312	12197758	R B D R2 D R' B' D' R2 B R
16574231113133	14313321	R B R2 D2 B2 D' B R' D' R D
16723451122133	14357237	R B R' D2 B2 R' D B' D' R B2
16723451322311	12716398	R B D' R2 B2 D' B R' D' R D2
16725431121311	12157524	R B R2 B' D B D2 R' B' D R'
16725431131211	12547592	R B D2 R' D' B R' D2 B R B'
16725431211122	12659830	R B R' D2 B2 D' B' D2 B R2 D'
16725431211131	15566653	R D B R' D2 R D' R B' D2 R'
16725431311121	11766389	R B R B' R2 B D' R D' B2 R'
16725432211121	13931764	R B2 R' D R' D R2 B' D' R D'
16725432232223	12231071	R B R B' R D2 R' D2 B R' D
16725433113311	12536864	R B D R B2 D R2 D B' D2 R2
16725433122212	11837690	R B R2 B' D' B2 R B' D' B2 R2
16725433333232	11261895	R B R2 B R' B R2 D' B D B'
16735242122213	16936209	R B R2 B2 D' R B' D' R D R'
16742352232313	15091058	R B D2 B' R2 B R' B D R' D2
16743252323222	12349620	R B R2 B D R' D B D R2 B'
16745232121313	14457243	R B2 R B' D B2 D' B2 R D' B'
16745232122222	13439226	R B R2 B2 R B D B' D2 B' R
16745233121213	13275669	R B R2 B2 R B R D' B2 D' B
16745233333313	19239530	R D' B2 R B R2 B' D' B2 D' B'
16753241221112	14653247	R B D' R B' D2 B R' B' R' D'
17246351111111	13850613	R B R B2 R D' B' R B' D2 R2
17265433111313	21067067	R D2 R B R' D R' B2 R' B R'
17324561211323	14562385	R D2 R B' D B R2 D' R B R2
17324561232332	10608216	R B R D B2 D B R2 B2 D' B'
17326452212111	22385837	R2 B2 R' B' R' D R2 D R2 D' R2
17356241212313	10788645	R B R' B' R D2 R B R' D2 R2
17356242211331	17101752	R2 B R2 B R2 D B D' R B' R'
17362451211311	10593599	R B R D2 R D' B' D R' D2 B
17362451231321	11908510	R B D R' D2 B D' R' D B' R2
17362452213311	18315758	R D' B2 D' R B2 R B2 D B D2
17364251231231	14207945	R B2 D' B2 D R D2 B2 R' B' R2
17423653213232	12049152	R B2 R' B R2 D' B R D R' D2
17425631122112	12944127	R B D' B' R B' R' B R' D R'
17425631223113	11609191	R B D B2 D B2 D' B2 R B R2
17425631313113	12593534	R B D R2 D R2 D' B2 R D R2
17425631322113	14818734	R D R2 B' R B' D R D R' D2
17425631322332	17415028	R2 B R D2 B R' D R2 D R' B2
17425631323112	14988369	R D B2 R' B D' B D B R' B2
17425631323223	12196927	R B D2 R' D R' D B D2 R D'
17425631332112	11901878	R B D' R' B R' B' R B' D R'
17426531112233	12930028	R B D' R2 B D' B' D' R2 D2 B
17426531121212	14571547	R B2 R D B2 R' B2 D R D B'
17426531132312	14261365	R B2 D' B R2 B2 R' B D2 R' B2
17426531213123	15539703	R D R' B2 R' B R D B2 D2 B
17426531223221	11438794	R B R B D2 R2 B2 R B2 R' B2
17426531232233	18175296	R D' R' B2 R' D' R2 D R B2 D'
17426531313131	14624429	R B2 R D B' R B D B2 R D2
17426531331332	12000705	R B D2 R' B' R' B2 D B' D2 B
17426532121211	13299285	R B R B' R2 D R' B2 D2 R B'
17426532331331	13169566	R B2 D R2 D R' B R2 B R B
17435622211133	17451174	R B2 D' B R D R2 D2 B' R D
17435623211123	18800392	R B2 D' R B D R2 D2 B' D B
17436521323232	11471977	R B R' B D2 R D' B' D' B2 D'
17452363213232	11569039	R B2 R' B R2 D' B R D R' D'
17452363322132	11651252	R B R2 D' R' D' R B2 R B R
17452633213232	14942738	R B D' B2 R2 B D' B2 D' B2 D2
17453262211133	13270366	R B R2 B' R D' B R2 B' R2 B
17462352213311	13797501	R B2 R B D2 B' R' B2 D R B
17463251122112	12782390	R B D2 R D' B R2 B2 D' R' B2
17463251221331	10777327	R B R2 B D B' R2 D R B D'
17463251313113	12409939	R B R' B' D' R' B2 D R' B2 R
17463251321231	13403915	R B2 R D' R2 B D R D2 B' R2
17463251323112	15293354	R D2 R B D2 B2 D' B D2 R' B'
17463251331221	11446506	R B D2 B' R' B2 D R' B R D'
17526431131121	12858239	R B D2 R' D' B' D R' D B' D2
17526431231321	13545101	R B2 R B2 D2 R D2 R' D2 R2 B'
17526432123233	17926945	R D B R' D B' D B2 D' R2 B'
17543261111111	18291800	R D B' R2 B R' B D R2 B2 D2
17543261132111	11644459	R B R2 B D B2 R' B2 D R B2
17642531111111	13807836	R B R B2 R D' B' R' D2 R2 B
17642531112233	16572741	R D B' D' B R2 B R B2 R2 D'
17642533312211	11793874	R B R D' B2 D' R' B D2 R' D2
17643251122112	13968649	R B R' B R' D2 R B' D' B' D'
21345671111111	17215301	R B' D2 R' B R' B' R D2 R B
21345762223322	20575429	R D2 B' R2 B R2 D' R D2 R2 D'
21345762312323	16255084	R B' R B' D R2 D2 B2 D B R'
21345762313223	14614341	R B D2 R' B R D2 B2 R D' R'
21345763332233	15681249	R B D2 R2 B' D' R B' D R2 D
21346752313322	17493126	R D R2 B2 D R' D' R' B2 R2 D'
21347562312323	21888009	R2 D2 R B' D B R2 D' R B R2
21354671122112	12771196	R B R D2 R B' R D2 R B2 D
21354671131313	15740252	R B' R2 D2 B R' D2 B D' R' D'
21354671221112	12989373	R B R2 D B2 D R' B D2 B D
21354672311123	14392371	R B' D2 R D2 R' D B' D2 B' D
21354672311132	15779662	R D R2 B2 D B' R D' R2 D R'
21354672313211	44668573	B2 R B' D R D2 B' R D R2 D'
21354673131113	15659618	R B' R2 B D B2 R' D2 B R B'
21354761112233	13353797	R B2 D2 R' B' R D' R2 B R' B2
21354761112311	12463203	R B D B' D2 R2 D B' R B2 R2
21354761113211	13826114	R B2 D2 R2 D B R B' R D' B2
21354761113322	12655598	R B2 R D2 B2 R' D R' B2 D2 R2
21354761122211	16600033	R D R D' R B' R B2 R' D2 B
21354761133311	13928443	R B2 R2 B' R B' R2 D B' R' D2
21354762213311	11657263	R B R' D2 R B R' D R' D B2
21354763312211	12453691	R B D' R B' D' R2 B' R2 B' D'
21357462311111	17248425	R B' R2 D2 R B D2 B R D' R
21357463213331	15956911	R B2 R' B R' B' R D' R2 D B2
21357642221132	16633103	R B2 D B2 D R B2 D' B R' B2
21364752311111	14927712	R B R2 D' B' R2 B' D' B2 R D
21364753212212	14056882	R B R D B D' B2 R B2 R B2
21365742221312	12189829	R B R D' B2 R B R2 B' D' B'
21365742312323	14751406	R D R' B R2 D R' B' D' B2 D'
21367451311331	12646284	R B D R2 B D2 B R' D B2 R2
21367452112112	12420489	R B R2 D' R B' R2 B' R2 D' R2
21374653333121	13830876	R B2 R D R2 D R' B' R2 D2 B'
21375462312233	13559150	R B R D2 R D' B' D R' D2 R'
21375463333211	14704335	R B' R D' R2 D' B' R' D B2 R
21376541111123	13267040	R B D B' R B2 R' B D' R B2
21376541112311	12809653	R B D B' D2 R2 D B' R' B2 R2
21376541122211	17423933	R D R D' R B' R B2 R' D2 B'
21376541131133	13565081	R B D R' D R B2 R2 D' R' B
21457631321123	18085959	R2 B D2 R' D R' D B D2 R D'
21473563331312	16165481	R B R2 D2 B D' B D' R D' B'
21536742222131	15929060	R B2 R D2 B' D' B R' B R' D
21654372231323	14014288	R B2 D R2 D' R D' B D' B' D'
21654372233321	12795850	R B2 R2 D2 B' D R B' D B' D2
21654373332122	12593308	R B2 D2 R2 B R' B R2 D' R B'
21654373332221	12501755	R B2 R' D' R2 B D' B2 D R' B2
21734652123131	12287128	R B R D R D2 R D' B R2 D2
23147562123131	17784400	R D R D2 R D B2 D' B' D2 R
23147651112323	14674049	R B D B2 R2 D B' D' R B2 D2
23147652312323	12788043	R B2 R B D2 R2 D' R' B2 R D'
23156471222132	13752248	R B2 R' D R2 B' R' D' R2 B R
23156471333132	11650845	R B R B2 R B R D' B2 R' B2
23156473323332	12933144	R B R' B2 D' R2 D R' D2 B R'
23157461231333	14585436	R B R' D2 B' R D R' B2 D2 R2
23157462131123	18196891	R D B' R B' D R' B2 R D2 B'
23164573213133	14581128	R B R B2 R D' R D' R B R
23164752131312	13920911	R B D R2 B2 D B' D B' R D'
23164753333313	13548623	R B R D2 R2 B' R B' R2 D2 B'
23165471111111	14724251	R B R' D R' B R2 B2 R D' B'
23165471311133	13304656	R B2 R B2 R2 D B D R' D2 R'
23165471312132	12376308	R B D R' D2 B R D' B R2 B
23165472111122	13888853	R B2 R2 B' D2 B D B' R2 D B'
23165472111332	11879119	R B R2 B R B2 D B2 D R2 D
23165472132332	13665439	R B' R B' R2 B R' D R B2 D'
23165472311111	12720852	R B D' R D2 R' D B R2 D2 B2
23165473233221	15056664	R D R' D2 R B D' B D' R B2
23165741112323	18457182	R B R2 D' B D R2 B2 D R' D'
23165741231312	16789061	R B2 D' R2 D B2 R' D R2 D2 R'
23165742123131	16656967	R B D B2 D2 B D R D' R2 D'
23165742131321	20526359	R D2 B' R2 B D2 R' D R2 D2 R'
23165742131333	24007748	R2 B2 D2 B' D B' R2 D' R D' R2
23165742312323	16614040	R B' R' B R B2 R2 D2 R B' R
23165743331312	24072984	R2 B2 D2 B' R B' R2 D' B D' R2
23167541233322	13965691	R B2 D' B2 R D' B' D R' D R'
23167542131222	13816851	R B2 D' B2 R D' R' B R' B D'
23174652123131	14457290	R B R2 B' R D2 B' R' D2 R B'
23175463211222	15096087	R B R' D2 B2 D B' D2 B' R2 B2
23176452132221	13899626	R B2 R2 B' R D' R D2 R B D2
23176453332233	14792945	R B D' R D' R2 D B R2 D' R
23416752121211	18697714	R B' R B' D' B D2 B R D' B2
23417563232123	12353830	R B D' B2 D B' R B' D2 R2 B2
23456173212332	10751072	R B R' B' D' R B2 D' B D2 B'
23456173233122	13727868	R B' D R D2 B2 R B D2 B2 R'
23456713212332	11179565	R B R2 B' R2 D B' R2 B R B'
23475162121112	17511607	R B R2 B R2 B' D R' B' D2 R2
23517462131333	18849027	R B' R B' D' B D2 B R D' B
23576412233321	12477853	R B D B' R' B D2 B D2 R' B2
23576412312323	11978457	R B R B' R' D B2 D B2 R' B2
23657142121112	18979311	R B' R D R2 B2 D R' D2 R D2
23671452122333	26121350	R2 B' R' B R' D B2 D R' D B2
23674153232321	11305407	R B D R' B2 R' B' R' D R2 B'
23751461132123	10798889	R B R' D' R B2 R B2 D' R2 D
23751463112321	10919279	R B R' D R D B' R2 D R B'
23756143222331	13631573	R B' D B D2 B' R D2 B' D2 B
23756411222312	16852450	R B R' B R2 B2 D' R B' D' R
23756413222112	17617317	R B D' R B2 R2 D' R D' B' R
23756413223312	16893930	R B R' D' R B' R2 D2 R D' R
23756413322312	17690391	R B D' B' D B' R2 D2 R B' R
24153672321233	13843200	R B R B2 R2 D' B R2 B' D2 B2
24157361313212	12631959	R B2 D B R2 B R2 D2 B D' R2
24157362323111	12448777	R B2 D B R2 D2 B' R2 B D' B2
24167353132232	18282913	R D B' R2 D R' B D B' D2 B'
24173652323231	11525310	R B R B' R2 D R' D' R D' B2
24315673311311	21849584	R2 B D' B' D' R D2 B' D R2 D'
24315761122322	15191315	R B' R2 B' D' B2 D' B R B2 D2
24315762213323	13867479	R B R' D R B2 D' R D R2 D'
24351671212211	17403282	R D B' R' D' B D2 R' B D2 B'
24351673111133	17711640	R D B' D B2 D' B D' B R D2
24351673311311	20503988	R2 B D2 B' R2 D R' D2 R B D'
24351761111123	20982535	R2 B D2 B2 R2 D' R' B R' B D2
24351761212232	14805808	R B D' B' R B' D2 R2 B' D' B2
24367511323112	15486627	R D' R2 B D' R D' R' D' B R2
24367513111121	11583195	R B R' D2 R B' R B' R2 D2 B2
24376512222122	19004876	R B' R D2 R D' R D' R2 D B2
24516732233111	14147849	R B D R2 D R' B' D R' B2 R'
24531673123121	15829105	R D B R2 B' D R2 B' D2 B D'
24536713231232	14096323	R B R D2 B D2 B2 D R' B2 D2
24537613231322	18327961	R D2 B R2 B' R B' D R' B' D
24561372111131	13817483	R B' D2 B R' B R B2 D' B R
24563711121212	17556415	R B R' B2 D' R' B2 D B D2 B2
24563712121232	17695444	R B R' D2 B' R' D2 B R D2 R2
24563713121222	22690742	R D2 R' B' R D' B D2 B D' R
24571362221213	16362152	R B R2 B D R' B2 R' B' R2 D
24571631121212	16316044	R B R' B R B2 D2 R' B2 R2 D'
24615371112332	13105768	R B D2 B R' B' R B' D2 R D'
24615372213311	24845884	R2 D R' B D R2 D B2 R2 D B
24615731122313	17243388	R B2 D' B2 D B2 R' B D2 B2 D'
24615731132333	23624416	R2 B R2 D2 B2 D' B R' D B2 D'
24615732111323	20851338	R D2 B' D2 B D2 R' B D2 B2 D'
24615732213311	14228002	R B R2 D' B R D2 B2 R B' R'
24615732233321	16913092	R B' R' D B R2 B2 D2 B R' D
24615733113323	24301513	R2 B D2 R2 B2 R' D B' D B2 D'
24615733311122	14839010	R B R' D2 B2 D R D R' B2 D
24617532233321	18876591	R2 B2 R B' R D R2 B' R B D2
24637512311132	17688375	R D R B2 R B R2 B' D' B2 R
24651731113223	13806792	R B D' B D' B D2 B2 D R D
24651731333333	12433047	R B R2 B D' B' D B' R2 D B'
24715363311332	14890187	R B R' D' B R' D2 B2 R' B' D2
24715631111111	15717830	R B D B2 D2 B R D' B D' B'
24715631122121	15606592	R B' D2 B R B2 D2 R2 B R' B'
24715631122133	12566805	R B R D2 B2 D' R' B' R B2 R2
24715632313223	11392836	R B R D' R B' R' D2 B2 R' B
24715633112111	11210213	R B R D' B R' D R2 D2 R B'
24715633131131	15208742	R B' D B2 R' B2 R B' D B R
24716532323231	17656106	R B' R2 B' D B R2 B R' D2 R'
24731561111111	21964605	R2 B R' B R2 D R' D' B' D2 B'
24731562311231	12782077	R B2 D R B2 D2 R' D2 R D' B2
24736512222332	18372971	R D B' D R' B R' B2 R D2 B'
24751362221231	22737504	R2 B R2 D2 B' R' B D' B R2 B
24751362321113	27399250	R2 D B2 R2 D' R' D R' B R2 B
24761531221223	17779021	R D R' D2 B R' D B R' B2 R'
24763151111111	14668179	R B R' B2 R D' R D' B2 D2 R2
24765313222112	14981673	R B D' R B' D R2 D R' D R2
25134672233321	12371826	R B D' R2 B R D R2 B' D B2
25134672312323	11882590	R B R' D2 B R D B2 R' D B2
25134672313211	15929116	R B' R B' D' B D2 B D R D'
25137461111111	16013573	R B' R B R' D2 R' D' R' B D'
25137461211323	11021678	R B R2 B' R D R2 D2 R B R'
25163741112323	14577087	R B R2 B2 D2 R' B' D R' B R2
25314673111313	29712664	R2 B D' B R' B R B2 D2 R2 B
25314673111331	28385990	R2 B R2 D2 B2 R B D' R D' B
25314673131311	29350225	R2 B R' D B' R D B2 R2 D2 B
25341673113311	24534373	R2 D R' B' D' B R2 D' B R2 B'
25341762313223	20745984	R2 B R' D R B2 D2 R' D2 R D
25364172311231	22637782	R' B R B' D2 B D' B R B2 D2
25364173223231	10707075	R B R D' R' D' R B D' R B2
25367411211122	15148091	R B D2 B2 R B' R B' R D R2
25413672323111	22794566	R' B R D' B2 D B' D R B2 D2
25413763121222	15841624	R B R B' R B R2 D' B D B2
25436711311313	13390986	R B2 D2 R2 B' D B' R B2 D' B
25436712123122	12454403	R B D2 B R B2 D B2 D B2 D
25436712123332	13796755	R B2 R2 B' R2 B D R' B2 D B'
25436712132122	13645533	R B' R D2 B' D' B D' R2 D R'
25436712323231	12444332	R B R' D R2 D' R B R2 D2 B2
25436713232321	13382489	R B' R' B' D R2 B' R2 B D' R
25436713332122	12692108	R B2 R' D B' D2 R2 B' D' B2 R'
25463713212332	14055475	R B R' B' D2 B' D' B2 R B2 R'
25471362323132	13266146	R B' R2 B D' B D B2 R' D R
25471631312213	19964512	R B' D R2 D R' D R' B' R2 D2
25631741212121	24471283	R2 B R' D B' D' R B2 R B D'
25634713321232	15421630	R B2 D R' B' D2 R D2 R B2 R2
25641371213132	14887531	R B D2 R2 B2 R' B D' B D2 B'
25714632123131	15885932	R D R2 B2 D R' D B' R2 B R'
25714632223331	14092629	R B' R2 D R2 D' B R' D2 R' D
25714632313211	39413283	B R2 B' D' B D2 R' B' D R' B2
25714633121333	15403014	R B' R' B D2 B R' D' B R2 B2
25716431212223	14832389	R B D' B D' R2 D R B2 D' R
25716433223213	13996315	R B2 R2 B' D B' R B2 R B D2
25731642232211	24630660	R2 B R' B D R' B2 R' D2 R D
25734162221111	13972799	R B R2 B2 R B2 D R2 D2 B R'
25734613113323	18928975	R D2 R B D2 B D' B' D2 R2 B'
25736141111123	16804646	R D R' D' B' D2 R2 B' R D' R
25736141233232	15922501	R D2 B D2 B' R D' R D' B' R'
25736411133113	15185169	R B' D B D2 R' B2 D R B2 R'
25736411231321	13704846	R B2 R' D' B R2 D' B' R' D B2
25736411321312	11684765	R B R D2 R B2 R D' R' D B2
25736411331113	14506774	R B' R B D2 R' D2 B R D2 R'
25736413123112	12177299	R B D B2 D R2 D R' B' D B2
25741361232113	16834809	R B' R D2 B' R D R' B D2 B2
25741632222323	14211229	R B2 D B2 D' R D' R B' R' D'
25741632312323	12820027	R B2 R2 D2 B' D B D' R B' D2
25743611233232	13270666	R B2 R D2 R2 B D' B' R D' B
25763142223133	16150772	R B' D2 B R B2 D' B R2 B' R'
25763411332322	12256447	R B D' R D2 R' B D' B D R2
26135742132221	15321992	R B' D2 B' D' B2 D' R D B2 R2
26135742213323	14123813	R B R' B D R2 B' D R B2 R'
26135742332312	14602869	R B' R2 B' R' D2 R' B D B2 R2
26153471122121	14381475	R B2 D' R' B2 R D2 B' D R B2
26153473131131	13054332	R B D2 B2 R D' B D' R B R
26153473132121	12732450	R B2 R' B2 R B2 D2 R' B' R2 B2
26154372332213	28295152	R2 B' D2 B R' D R' B2 R' B R'
26175432331133	15614405	R B2 R D2 B' D' R B' R B' D
26317451212211	22666232	R2 B2 R' D' R' D B2 D B2 D' R2
26345711223113	10566668	R B R2 D' R2 D' R D' R2 B2 R
26371453112111	12444723	R B2 R' B' D' R D2 B D' R B'
26415731322323	12260157	R B R B' D2 R B D2 B' D' B'
26415732121223	12206581	R B R2 D' B D2 B' D' R2 B2 D
26415732233321	15133591	R D R' B2 R' B' R' D R2 B D'
26435712222122	22366253	R2 B R2 D2 B2 D' R D' R B2 R'
26435712233321	16531408	R B' R D' B R2 B2 D2 B R D'
26435712311132	15774230	R B R B2 R2 B R B D' B2 D'
26435712322322	20815019	R D2 B' D2 B R2 D' B R2 B2 R'
26435713311122	15576579	R B D' B2 R2 B R B D' B2 R
26435713333133	18944298	R D B2 R2 D' B' R B' R B2 R
26437512122312	13906316	R B2 D' R2 B D' B' R D' R D'
26453172211133	15385023	R B' R2 B D B2 R' D R2 D' R'
26453711333333	13849963	R B2 R2 B R' D2 B R2 B D2 B2
26513471122121	14672292	R B2 R D' B2 R' B' R' D2 R' B
26517343333313	17866363	R B2 R2 B D2 B2 R2 B' R2 B2 D
26534713333313	19178401	R D' R B' R B2 D R' B' R' B2
26543171111111	14520146	R B R' B2 R D' R D R2 B2 D2
26543171123111	11779185	R B R2 B' R D' R2 B R2 B' R2
26547313131323	19137712	R B2 D2 B' D R' D R2 D' R2 D
26573413331312	15807541	R B R2 B2 R' B D2 R' B2 R B
26714531212133	15312844	R B R' D B' R D' R2 D R2 B'
26714532121133	16547177	R B2 D R2 D R D2 B' D R' B2
26715433231322	14112178	R B D' R B D2 B2 D' B' D2 R
26741351232113	12237771	R B R B2 D2 R B D2 R2 B' R'
26743512121232	19118888	R B' R2 D' R' D R D' B2 D B
27134561131133	14182521	R B R' B' D R D' R D2 R' B
27154632311132	12751792	R B R' D R2 D R D B R2 D2
27314652313211	15515507	R B' R B D B2 D B' D' R D'
27365412321212	18462251	R B' R D2 R D' R D' R2 D B'
27415363131113	17873411	R B R' B D' R' B R B D2 B2
27415632323231	15284804	R B D2 R' B' R2 B' D' R2 B D
27415633321322	18858907	R D R' D R D' B2 R D' R B'
27416532133232	12716647	R B D2 R' D B' R2 B' R2 D' R2
27416533321232	15444035	R B' D B R' B R' B2 D R D2
27435612122222	13722172	R B R D2 B2 R D' B D' B D'
27453161123111	11333001	R B R2 D B2 D R2 D2 B' D R
27453161132111	13299208	R B2 D' B' D' B2 R D' B2 D' B2
27456133132223	14439497	R B R' B' D B R2 D2 B2 D' B
27516341111111	13967160	R B R B2 R B2 R B R B2 D2
27534161111111	13893688	R B R B2 R D' B' R B' R2 D
27534161111123	18458294	R D' R2 D' R B2 R D2 B D R2
27534162311111	12862039	R B D B' R2 D B' R' B D' B2
27534612311132	15047154	R B D2 B' R B2 D' R' B2 R B'
27536412332312	13915635	R B2 R2 B' D R' D R2 D B D2
27543611111123	16332335	R D2 R' D2 R' D R' D2 B2 D' R
27543611111132	11601959	R B R' B2 D2 B R2 B D2 R B
27546312231122	24485602	R2 B2 R D2 R2 D B2 R' D2 R2 B
27613543333133	17911026	R B' R B R2 D2 B R' B2 R B2
27614353311332	15548705	R B D' B R' B R' B2 D2 R' D'
27615431312333	16935643	R D B D2 R2 B D' B R' D R'
27615432113321	17916207	R D R2 B2 D R2 D R B' R B2
27615433313213	12456197	R B R B2 R2 B D' R B' R B
27634511131133	13975899	R B2 R' D' B' R D2 R B2 R' B2
27634512233321	13084228	R B2 R B R2 D2 R' B' D2 B D'
27643513311233	20278002	R D2 R2 D R2 D2 B2 D B2 D2 R'
31246753312211	17284798	R D2 R D R2 D' B' R2 D B R
31247651113232	12442036	R B R2 D2 B D2 B R' D' B2 D'
31247651323232	14688144	R B' D2 B D' B D2 R' B2 R B2
31256471231222	13921768	R B R B2 D B2 D2 B R' B2 D2
31257462222221	16588570	R D2 R2 B2 D' R' B D' R2 D B'
31257462312311	13731740	R B2 R2 D2 B' D' R D' R2 D B'
31257643311122	14433237	R B D2 B' D B' R B2 R' D2 R
31264572122213	14214257	R B D' R2 D' B D B R2 B2 R
31264573132313	13675300	R B R B' D2 B R' D' B2 D2 R'
31264573222223	14043731	R B2 R D' B2 R B R2 D' B' D
31264752132122	14133958	R B2 R D' R B' R' B2 R' B2 D2
31264752313121	15048093	R B2 R B' D B' D' R2 D' B2 R2
31265471111111	17886962	R B' D B2 D' B R' D R2 B2 D2
31265471122112	12565135	R B D2 R D' B R2 B2 D' R D2
31265471122133	14380817	R B2 D R' B D R2 B' R D' R'
31265471312213	12777540	R B R2 D' B2 D B D2 B' R2 B
31265471313113	11863944	R B R B' D2 B D' B2 R D' R
31265471321111	11181047	R B R2 B D' B D B2 R' D R'
31265472233321	17930937	R2 B R' D2 B' D R D' R D2 B2
31265472312233	12777035	R B R2 D' B2 D R D2 R' D2 R
31265741233331	17665872	R D R D' B D' R B2 R B R
31267542222233	16525459	R B2 R D R' B R2 D' R D B'
31267542313133	17921399	R B' R D2 R' B D2 R' B2 R B2
31275461112233	18209491	R B' D R2 B2 D2 R B' D R' B
31275461322233	18386074	R B' D B2 R2 D2 B D' B D' R
31275462133211	15348849	R B R2 B R' D2 R D2 R' B D'
31275462223211	15418314	R B R2 B D' R2 D R2 D' B D'
31275462311213	16173453	R B D2 B D' B2 D B2 D' B D'
31275462312212	16332176	R B D2 B R' D2 R B2 R' B D'
31275463311122	17565691	R B2 D' B D R D2 R2 B' R B
31276452133322	12658284	R B R2 B' R D2 B2 R D' B D2
31276452313313	14886815	R B' D R' B R2 D R' B' D' B2
31452671323211	10528327	R B R D' B2 D B' D R B2 D2
31452671332232	11162946	R B D' B D R D' R2 B R D'
31452672322331	11216042	R B D' B' D B2 D B2 R' B2 R
31456722111221	14094210	R B D R B' D2 R2 D' B2 R' B
31462751111111	15094951	R B D' R2 D B' R D B2 R2 D'
31462751113322	12970865	R B D' B' D R2 D B R2 B2 D'
31475261322233	13556877	R B2 R' D2 B2 R' B D B' D2 B
31475262331313	16228297	R D2 R2 B2 D' B' R D' R2 D R'
31475262333221	13491744	R B2 R2 D2 B' D' B D' R2 D R'
31524673332122	19128670	R D' R' D' R B' D' B2 D' R' B
31527643332122	11293826	R B R' B R B' R D' B2 D2 R
31564272212111	21625042	R2 B D2 B2 R D' B' D B2 R B
31564272213311	12543164	R B D R' D R2 D' B R' D R2
31564273113311	13700627	R B D B' R B R2 B2 D' B' R
31572461122133	13970102	R B R2 D2 B R2 B R D' B R2
31624751112233	11887051	R B R2 D' R2 B D' B' D B' R2
31624753312211	11656960	R B R D R D2 B R' B D2 R2
31627452221333	17979928	R B' R' B R' D B2 D R' D B2
31654272313322	19715995	R B' R B2 R D' R B' D2 B R2
31754621331122	17342082	R2 B R2 B D2 R B D' B D' B'
31765242322121	16935945	R B' D B' D2 R B' R D R2 D
32145671111111	23763697	R2 B' R B' D' B D2 B D R D'
32145671123333	13696223	R B2 R' B R2 D' R' D' B R' B'
32145671132222	12841595	R B2 R' D B' R2 D2 R' B' D2 B'
32145671221112	13771059	R B' R D2 B R2 B' R B' D2 B2
32145671333333	13666132	R B2 D' B D R' B R' D2 R' D
32145672113333	12877118	R B D2 B' D R2 B' D' B R2 B2
32145672212222	13049772	R B D' R2 B2 D' R D B R2 D2
32145673112222	11645289	R B R' B2 D2 R D' R' D B' R
32145673311113	13302480	R B2 R D B' R D2 R' B2 D R2
32146751232323	13224740	R B2 R D B2 D2 B' D R2 B' R'
32146752232223	16261694	R D R2 B' R B2 R' B D' R' B'
32147562313223	11659741	R B R D' R D2 R' B R' D B2
32147562333233	20890598	R2 B R' B' D R D' R D2 R' B
32147651123333	20371599	R B2 R D R D2 B D' R2 D' R
32147651132222	18573669	R B R' B D' B2 R2 B R D B2
32147651213333	20996613	R B' R D R' B D2 R2 B' R D2
32147651312222	19337455	R B D R' D2 B2 D' R' B R2 D'
32147652113333	18823971	R B R B' D2 R2 D B D B' D2
32147652231332	18243252	R B R D' B2 R2 B R D B' D2
32147652233213	24054317	R D B2 R2 D2 B R B' D R' D'
32147652331322	19790870	R B2 R2 B' R' B R' D B' R B2
32147652332213	23275013	R D R2 B2 D2 R D B' D B' D'
32147653112222	18952835	R B D B2 D2 R' B D' R D B2
32156471111111	15211932	R B D' B D' B D2 B2 D R' B'
32156471113211	12094404	R B R' B D2 B' R B R2 D2 B2
32156471232332	11137922	R B R' D' R D2 R B' R D2 R'
32156472312332	11759384	R B D' R B' D' R2 B2 D' R B'
32156472332132	11580594	R B D B' R B' R D2 R' D2 B
32156472332321	12729350	R B2 R' D B2 D' R D2 B' D' R2
32156472333332	13169011	R B2 R2 D2 R' D B D2 B2 R2 B'
32156473223123	10804408	R B R B' R B2 R' D2 B R' D
32156741112323	22089044	R2 B R' B D R2 B' D R B2 R'
32156742311123	11897870	R B R D B2 R' B R' D' B2 D2
32156742313223	14103562	R B2 D' B D' R D2 R D R' D2
32156742333131	11942231	R B R B2 R B R' D B2 R D2
32157641232323	13299145	R B2 R B' D2 R D B D2 R' D2
32157642231323	13401209	R B D2 B R B' D2 R B D B'
32164571111111	16560370	R B' R D2 R' D2 B D' B' R' B
32164571111231	11525697	R B D B' D2 R D2 R' B R' B
32164571232323	11862165	R B R2 D' B R' B R B D' R2
32164572232223	14129727	R B' R B' D R D' B D B' D'
32164572232313	14101793	R B' R D' R B2 D' R' B D2 B'
32164572233321	13763151	R B' D2 R B D2 B R2 B D' B2
32164572312323	13280284	R B' R2 D B R2 B R2 B D' R2
32164573323212	12562670	R B2 R B' D B2 D2 R B R2 B'
32165741111111	19887495	R D B' D B' D B2 D2 B R' B'
32165741111132	12810000	R B D2 B D' B' D R' D' R2 D
32165741233223	12309601	R B2 R B2 D2 R' B D' B2 R2 D2
32165742211112	16133129	R B' D2 R D' B' R D B' R D2
32165742331112	11861087	R B R2 B R' D R' B' R' B R2
32165743311131	12564000	R B R B2 D2 R2 B R' B2 R B'
32167451111111	16641137	R B' R B R' D2 R' D' R' B D2
32167451213333	13251063	R B2 D' R' B D' R B2 D' B D'
32167451222222	12730011	R B D' B2 R D B2 D B2 D2 R
32167451312222	12647235	R B R' D2 R' B2 R D2 R D B2
32167451333111	12229296	R B D B2 R' B2 R B2 R2 D' B
32167452211121	13081581	R B D2 R2 D R2 D' B D R2 B'
32167453222313	11284052	R B R D B2 R B2 R B' R2 D2
32167453313333	13055971	R B D2 B' D' B2 R B' R' B2 D2
32167453321232	12869545	R B D2 B R' B D2 R' B R B'
32174561112323	16136414	R B2 R' D' B R2 D' B' R B' R2
32174561232113	16822812	R D R' D2 B R' B' R' D2 R2 B
32174561232233	14866857	R B' R' D2 R' D' R2 D B D2 R'
32174562231212	13479877	R B R' D2 R' B D R B2 R2 B
32174652312332	11551653	R B R2 B2 D' R D' R2 D' B2 D'
32174652332132	11785744	R B D B' R B' R D2 R' D2 B'
32175461111111	17068203	R B' R B2 R' D B' D R2 B2 D2
32175461113112	11813087	R B D2 B R' B R B2 D' B R'
32175461221112	12215692	R B R2 D R' D R2 D2 B' R D2
32175461333111	12608485	R B D R' B2 R D' B2 R B' R
32175462233111	13309336	R B D2 R' B2 R B R2 B' D2 B
32175462312323	17694575	R2 B R2 B' R D R2 D2 R B R'
32416753121222	20869021	R D R2 B' D' B2 D' B D R2 D
32417562113321	19967805	R B' R D' B' D B2 D R D' B
32417652132131	12321224	R B2 R' D B2 D B2 D2 R' D B'
32417653132121	10700805	R B R B2 D2 B' R' B2 R' B2 R
32451762331121	10913206	R B R' B' D B2 D R2 B' R2 B
32456173212332	13999001	R B D B D2 R B' D2 R2 B' D
32456711233133	26480692	R2 D B2 R2 D' B' R B' R B2 R
32465172112121	13529432	R B2 R2 D2 R' B R D2 R2 B2 R'
32465172132131	11084232	R B R B' R D' B R2 B' D2 R
32465172133121	11605452	R B R' D B' D' R2 B2 D' B R'
32465172332321	12984626	R B2 R' D R2 D' R D2 B' D' B2
32465173123121	12170975	R B2 R D' R2 D' B2 R B2 R' D
32465173132121	12524984	R B2 R2 D2 B R' B' D R' B R2
32465173133111	13553395	R B2 D2 R2 B' D R' D R2 B' R
32465173233221	14500784	R D R D' R D' B' R2 D2 B' R
32475161232323	14794722	R B R2 D2 B R2 B R D' B R
32475163331222	15197911	R B R' B2 D2 B R' B2 R' B2 R2
32476513232231	12869182	R B' R D' B R2 B2 D2 B' R D
32517463131311	20879439	R D2 R D R' D B' D2 B' D R'
32546713323212	14074718	R B D B D' R2 B2 R' B2 D' B
32547611121113	13072954	R B D2 B2 D B' D B2 D2 B R'
32547611131112	12135737	R B R2 B2 R D' R B2 R2 B R'
32547611213111	12409243	R B R' B' D2 B' R2 B R' D' R
32547611312111	12994885	R B D' R' D2 R' B2 R B' D' R
32547612111311	12633650	R B R' D' B R2 B' R B D B2
32547613111211	12405433	R B R D' B2 D R2 D R B' R'
32561471113133	14267593	R B' R B' D2 R D R2 B' R B'
32561471121311	12794974	R B D2 B' R B R D' B R' D2
32561471122211	13833965	R B2 R' B2 R D' R' B D2 R D2
32561471131211	12913608	R B2 R2 B R D' B' D B' D' R
32561471211131	16366546	R D2 R2 B' R' B R' D2 R B' D2
32561471311121	13092568	R B2 R2 B R' B D R' B D R
32561472133313	12415537	R B R' D2 B2 R' B D R B2 D2
32561472213122	12368382	R B R2 B' D R2 B' D' R B2 R2
32561473222223	11711718	R B R B' D2 B R' D' B2 D2 R2
32561473323212	11873581	R B R2 B' D B' D2 R2 B' R' B2
32567412122222	13631525	R B R2 D' R B R B2 R2 D' R
32567412131312	16875746	R B' D R' B2 D2 R D R' D B2
32567412222212	20739464	R D' R2 D' R B R B2 R2 B R
32567413131212	13390257	R B R2 B2 R' D' B2 R D2 R' D2
32567413133333	16406436	R B' D B' D2 R2 B D B' R B2
32576142313223	13379656	R B2 R' D R2 D' R D2 B' D' B
32615473332122	13789446	R D R2 B' D2 B' D R' B2 D2 B
32647152133121	15713351	R D2 R' D2 R' B D' B2 R2 B' R
32647153132121	10780186	R B R' D2 B2 D B2 D B2 R D
32647512333233	21862641	R2 B2 R' D' B' R D2 R B2 R' B2
32657143121213	16460445	R B R B' D B' D R' D B2 R
32657412111212	16177495	R B R D2 R B D B2 R' B R
32671453123313	16937691	R B2 R2 D2 B' R2 B' D' B D' B'
32674152113333	19565648	R D2 R2 D B2 D2 R2 D' B2 D2 R
32714652332132	12472505	R B R D2 R' D R2 B' R2 B D'
32716452123212	18665274	R B' R D' B' D B2 D R D' B2
32741651121311	17105421	R D2 R' B R D B' R D' R2 B
32741651131211	13521860	R B2 R' D R B R' D R' D2 B
32741651211131	12587523	R B R' D' B D2 R' D2 R' B R'
32741651311121	13086463	R B D' R2 D' B2 R B' D' B R'
32741652111113	13793308	R B2 D B' R D' R2 D R' B' R
32741653111112	13778732	R B2 R2 D2 B D' B R' D2 R D'
32745611223332	12029722	R B R2 D B2 R' D' R' B2 R' D'
32745612313322	14011462	R B R2 D B2 R' D' B' D2 B' R'
32745612322331	11727333	R B R B2 R D B' D2 B' R' D2
32751643321232	14489585	R B D B' R2 D2 B R' D' R D2
32754163211123	12471728	R B R2 D B' R2 B' R' B R2 D'
32756141233121	14820764	R B2 R2 B D2 B R2 D' B D2 B2
32761452121313	13767084	R B R' B2 D R2 D' B D' R2 D'
32761452122222	14630680	R B2 R' B2 D B R2 B2 R' B' D2
32761452222212	13712127	R B D2 R' D' R2 D B D2 B D'
32761453121312	19191500	R D' B2 R B D2 B' R' B2 R' B'
32761453133333	14019104	R B D2 B2 D R D R' B2 R' B
32765411112221	13603963	R B2 R' B R' B2 D2 B D' B R2
32765411121113	12340583	R B R2 B' R D R2 D2 B D' R2
32765411131112	11771141	R B R D2 B2 D B D' B2 D' R2
32765411133113	12870781	R B2 R' B R D' R2 B2 R B2 R
32765411331113	12858368	R B2 R' D R D' R2 B2 R D2 R
32765412221312	12231129	R B D' B' R B' D' B R2 D' R2
32765412323222	12716049	R B D2 B2 D' B' R2 D R D2 B'
32765413122212	11678489	R B R' D' B R' D' R B2 D' R2
32765413223312	11595867	R B2 R D R2 D2 B D' R D2 R'
32765413231223	13788299	R B2 D' R' B D2 B D B2 R2 B
32765413322312	11458946	R B2 R B D2 B2 R B' R B2 R'
34125672131213	13172268	R B R2 B D R2 D' R' D2 B D'
34125672131312	14650496	R B2 R' B2 D B D2 B2 D' R' D2
34125672221222	13732835	R B R2 D2 R' D' B' D B2 R' D
34125673133333	15056543	R B2 R' D2 B D R2 D2 R' D' R2
34127651121113	12295020	R B R2 B' R D' B R2 D2 B2 D
34127651131112	12146494	R B R B' R D' R2 B2 D R' B
34127651213111	12482721	R B R' B' D2 B' R2 B R' D' R'
34127651312111	13039098	R B D' R' D2 R' B2 R B' D' R'
34127652111311	12251782	R B R2 D2 R' D2 R' B D2 B' D'
34127653111211	12350238	R B R D' B2 D R2 D R B' R
34162752132212	25103178	R2 B D R' B D' R D' R D2 B
34165271112212	15017705	R B' D2 B' R B2 D2 R D' B2 R
34165271121311	13889775	R B2 D' R' D2 B D B2 D2 B' R'
34165271131211	13009919	R B2 R B' D R D2 B2 D B D2
34165271211131	15981942	R D B' D B R D' R2 D R' D2
34165271311121	12207639	R B R' D R D B' R2 B R' D2
34165271311133	13435389	R B2 R B2 R2 D' B D R' D2 R
34165272323333	12525139	R B R2 D2 R D2 R' B D B2 R'
34165273133312	15702933	R D B' R2 B' R' B2 R D' R2 D2
34165273222322	11239400	R B R2 B R2 D2 B R' B' D B2
34165273311131	12342812	R B R D2 B' D' R B' D R2 B
34167252213323	14332643	R B R' D' R B D2 R2 B2 D R
34172562132332	14171999	R B2 R D' B D' B' R2 B' R2 D2
34172562313331	15169905	R B2 R B' R B' D' R2 D' R2 B2
34175263321232	14561399	R B2 R' B D2 R' B D B D' R2
34216572213122	19589225	R D2 R2 D R2 D2 B2 D' R2 D2 B
34261572132131	11006901	R B R B' R D' B R2 B' D2 R'
34261572133121	11554428	R B R' B' R2 D2 B' D B R' D
34261573123121	11807310	R B D' R' B D' R B2 D' R' B2
34265712212132	18371232	R D R2 D2 R' D R2 B' R2 B R
34275161312213	13764042	R B R B2 R D' B' R B' R2 B'
34275162112322	13246825	R B D2 B' R B2 D2 R B' R D2
34275162213221	14561120	R B' R B' R2 B' R' D' R D2 B
34516271111111	14249973	R B D B' D2 B' D' R' B R2 D'
34516272312332	15574845	R D2 R' B2 R' B D' R2 B2 R' B
34516722313223	17469599	R D2 R D B2 D' B' D2 R B R
34517622231323	14602633	R B2 D2 R D2 R B' R' B' D2 B'
34521672223232	13518011	R B2 D R' B D' R2 D B' R' B
34526713232312	12463257	R B R2 D' R' B' R B2 R B D
34527612211322	20532395	R B2 R2 B' D R' B R' D B R2
34527612231122	19988734	R B D2 B2 D' R B2 D R2 D2 R'
34527612231332	21920401	R B' D R2 D2 B' D B' R' D B2
34527612331322	19978291	R B2 R2 B D R' D R' D R' D2
34527613312133	20344386	R B2 R2 B' D2 R' D B2 D2 B' R'
34561272122123	19017173	R B D R' B2 D2 B D B R' D2
34561272122321	19851939	R B2 R2 B' D' B R' D R' B R2
34561272212213	24122142	R D B2 R2 D2 B R D' B R' D'
34561272213122	19734130	R B D B' D2 R2 D R B R' D2
34561272232211	23313643	R D R2 B2 D2 R D R' D B' D'
34561273221233	18848543	R B R' D R' D2 B2 D R D R2
34561273233131	18668483	R B R' B' D B R2 B2 D2 B R'
34561273311233	19563380	R B D B' R2 D2 R' D' R B2 D'
34561273313321	22307571	R B' R' D2 B' R D' B2 R2 B' R
34561273321133	20343822	R B2 R2 B D2 R' B R2 B2 R' B'
34561273321223	19124379	R B D R2 D2 B' R B' R D R2
34561721111111	15439568	R B2 R' D' R' D B2 R D' R D'
34562171321111	12444095	R B2 R B R' B2 D2 R D2 R' D'
34562171321231	12151910	R B R B' D2 R D2 R' B R' B'
34562172232313	16059268	R D R2 B' R D2 R' B D' B' R'
34567212223232	15752277	R D R2 D' B R B2 D' R' D B
34617252111212	17270529	R B R D2 R B D B2 R' B R'
34617252123212	17108693	R B R B R2 D2 R' D' R2 B' D2
34617252132212	18274770	R B2 R' B' R B' D B2 D B' R
34617522221333	16274619	R B2 R' D B' R' B R' B2 R B2
34621572132131	12877849	R B D R2 D' R D2 B' R2 B D'
34625172111212	18491128	R B' R B2 R D' R B' D2 B R'
34627512232313	13016331	R B D B2 R D2 R B' R B2 D2
34651271123111	12710766	R B2 D' R B D R2 D R' B' D'
34651272332132	12131683	R B2 R' D R2 D B2 D2 R' D R'
34675212222122	18895920	R B' D R' B2 D B' D B D2 B
34715262221123	18560063	R B' D' R B' D R2 D R' D R2
34716522223211	16515104	R B2 D' R2 B D' B R' D B' D
34721652121313	17712403	R D B2 D2 B' D' B2 R B2 R' B2
34721652131213	16047465	R B' R B R' D' B D B' D R2
34721652221222	17938218	R D B2 D2 B' D' R2 B R2 B' R2
34721652222212	16858854	R B' D R D' R' D R B' D B2
34721653333313	15838457	R B' R2 B' D B D R2 D2 R B
34725611212211	14050921	R B2 D2 B D2 B R' D R2 D' R
34725612111113	12100850	R B R2 D' R' D R' D2 B D B
34725612121322	13993748	R B2 D' R D R' D B' D2 B' R
34725612231212	14027381	R B2 D2 B R D2 R D R2 D' B
34725612231332	12297345	R B D2 B' R D2 B' D' B D2 B2
34725612322232	13139648	R B2 R2 B R' D R B' R D B
34725612331322	12977485	R B2 R' D B2 R' D' R' D R' B'
34725613111112	13299137	R B2 R2 D2 B' D R' D R2 D' B
34725613111133	12909472	R B R2 B' D B2 D' B R D2 B2
34725613132223	12982714	R B2 R2 D R D2 R B' D' R2 B
34725613311113	12946301	R B D R B2 D2 R2 D B2 D' B
34761252323222	12250035	R B R B' D2 B R2 B D R' B
35126741232212	15522254	R B2 D2 B' R B' R2 D' B D' R2
35126742231233	15469190	R B2 D2 B' D B' R2 D' R D' R2
35127462331331	16295066	R B' R D' B2 R D' B D R2 D
35162472122231	12354579	R B R' D2 R' B D2 B2 D' B2 R
35162472123233	15801135	R B' R2 D R' D' R B D' B D2
35162473122221	12151893	R B D B2 R2 B' D' B' D R2 D2
35162473323131	12367861	R B R' D B2 R' B' R D' R2 B'
35162473332122	13739747	R B' R B2 R D R D' R D2 R'
35162473332131	12249684	R B D2 R' D' R D R2 B2 D2 R'
35162742213323	15932324	R B R' B D R2 B2 D' R2 D B
35167242132212	15569158	R B R2 B R D' B2 D' R' B2 D2
35172461232323	14781505	R B R2 D' B' D2 B' R' B2 D B
35174262213131	18542850	R B' D B2 D' R D2 B' R2 B R2
35174262231113	16323585	R B2 R D B' R B2 D' R D R'
35246171111111	13797482	R B R B2 R D' B' R B' R2 B2
35246171113322	11986219	R B R' B D2 B2 D B R2 B D'
35246172213311	13354898	R B2 R' D B2 D' R D2 B' D' R
35267141223233	11303617	R B D B' R' B' D R D' R D2
35267141321132	23613889	R' B D R' B2 R D' B R D2 B2
35271461322233	12249812	R B R2 D2 B2 D' B' R' B R2 D'
35416721113112	12231580	R B2 R D B' R2 D2 B R2 B' D'
35416723232213	16530693	R D R' D' B' D' R2 B D' B2 D
35417622223133	17906526	R D R2 D' R B' R B2 R' B2 R
35426712131132	13704583	R B2 R2 D B' R D' R2 D R2 B2
35426712311312	12131414	R B R2 B D2 B D' R' B R2 B
35426713111313	14539533	R B2 R B2 R2 D B' R B2 R D2
35426713131113	13173099	R B R B2 D' R B R' B D' B'
35426713312211	13889342	R B2 D' R D' R D2 R B R' D2
35461271111231	14242771	R B' D2 B R' D R2 B' D2 B R2
35461271321231	12135602	R B R2 D2 B R2 B R' D' R2 D'
35461272222323	12601260	R B R2 B R B' R2 D B D R'
35462171131313	13486074	R B R D2 B2 D' B' R2 B' D2 B2
35462171212121	14123593	R B D B2 R' B2 D B R2 B R'
35462171221223	11615020	R B R D B D' B' D B2 R' B
35462171332331	13015476	R B2 R' B R' B' R B D2 B D2
35462172213311	13900157	R B2 D' R B' D R2 D R B' D2
35462172223331	12683928	R B D R B2 D' R B' D' R2 D2
35462172312131	12296908	R B R' B2 D' B R D R2 D2 R
35462173123211	12911405	R B D2 B R2 B R' D' R D2 R
35462173131311	14416282	R B2 R D2 R2 B D' B R2 B D2
35462173221221	13873018	R B' R' D' B2 R B R B' D' B
35462712322322	15479776	R B2 R2 B R2 B' D2 R B' D2 B2
35472163222313	12638860	R B D2 R' B D R2 D R' B' D
35472163231322	14004691	R B2 R' B D2 R' B D B D' R'
35476122221111	14354246	R B R' D B2 R' B R' B2 D2 R
35614722321233	14972691	R B2 D2 R D2 R B' R' B' D2 B2
35617423131332	13639932	R B2 R2 D2 B' R' B D' B2 D B'
35624712121232	19374120	R B R2 B D2 R' D B D2 B R2
35624712321212	22553939	R B' D R2 D2 B' D B' R' D B
35624712321332	18959201	R B R' B R2 D R' B2 R' B R'
35624712331232	19113306	R B R' D B' R2 D B' R B D2
35714623111322	16510885	R B D' B2 R2 B' R' D B' D R'
35721642221213	25389671	R2 B D' R B' D' R D2 R D R'
35762142222113	15270394	R B2 D2 B' D R' D2 B' R D' B2
36125471111333	13120844	R B D' B D' B2 D' B D R B2
36125471212112	18565527	R2 B R B2 R B' D B2 D R2 B
36125471213111	11995715	R B R2 B2 R' D R2 B' D' B2 R
36125471222111	18896411	R2 B R2 D B2 D B' R D2 R B
36125471312111	12612990	R B D2 B2 D' B R2 D' B' D2 R
36125472111311	11945801	R B R2 B2 R' D' B2 R B D2 R'
36125472121223	11453998	R B R' B' R D' R' B R2 D' B2
36125473111211	12845300	R B D2 B2 D' B' D2 R D B2 R'
36125473232222	14048198	R B2 D' B' R D2 R B R2 D2 R
36125473323233	13586122	R B2 R' D B' R2 D2 R D' R B2
36125743222331	21823587	R2 D B' D' B' R D2 B' R B2 R'
36127451333222	11780912	R B R B D' B2 R' D B D B
36145272122222	15987897	R B' R B' D2 R2 B D R' D R2
36145272131213	20792398	R D' R2 D' B R B R2 B2 R B
36145272131312	14214216	R B D2 R' D B R B2 R2 D' B
36145273333313	16370199	R B' R' D R2 D2 R D' B' D R2
36147251121311	13506801	R B2 R2 D2 B R' D B' D2 B D
36147251131211	14152275	R B2 D2 R' B R B2 R2 D B D
36147251211131	14722536	R B' D R D2 B' D R' D R2 D'
36147251311121	12323706	R B R2 B' D B2 D R2 D2 B' D
36147252111113	15745779	R D R2 D' R B R2 D' R' D R
36147253111112	13217499	R B D2 B' R B R2 D' R' B R
36152741231312	17458314	R B' D' R D2 B' R D' B' D2 B'
36152742131321	15403912	R B2 R2 B D2 B' R2 D R' D2 R2
36172452133133	18464752	R D R2 D2 R' D B2 R' B2 R B
36217452131333	17912600	R B' R B' D2 R D' B R D2 R
36217541223311	10548551	R B R2 B' D B R2 B2 R B D'
36217543213112	11113288	R B D' R2 B' D R B' D R2 B2
36241573212332	11621180	R B R2 B2 D B' D' B R2 D B
36241753212311	13489475	R B' R2 B' R D2 R D2 B R B2
36415272123212	16620231	R B D R2 D B D R2 B' R B
36417522123311	14930531	R B R' B2 D' R B D' B2 R2 D2
36514272212111	20716616	R2 B R D' R D B2 D2 R' D' R
36521472113321	14584038	R B D2 R B2 D' B' R' D2 R' B'
36521472331121	12280374	R B D R2 B' D' R2 D' B R B2
36527411131133	12385624	R B R2 D2 B' D2 B D' B' R D2
36527412111113	12202750	R B R2 D' R' D R' D2 B D B'
36527412131222	14329444	R B' R' D R' B' R D2 B' D2 B
36527412211322	14459711	R B2 D' B' R D' R B2 D' B R'
36527412221312	12559265	R B D2 B' R' B2 D R' D' B2 R2
36527412231122	12693420	R B R2 D' R2 D R D2 B' R2 D'
36527412322232	12896991	R B D' B D R D' R2 D B' R2
36527413111112	12875360	R B D2 B' R B R2 D' R' B R'
36527413311311	12063450	R B R B D2 R B2 R B' D2 R2
36541272323222	12118114	R B R B' D2 B R2 B D R' B'
36542712121322	18763949	R B2 R D2 R2 D' B2 R B2 R2 D'
36547212121313	15827715	R B' R D2 B' D2 B R' B D2 B'
36547212122222	16772048	R D R2 D2 R D R B' R2 B' R
36547212131312	16852858	R D R2 D2 R D B R' B2 R' B
36547212221222	15988327	R B' R2 D2 R D R B' R2 D R
36547213331333	14408305	R B2 R' B D' R2 D B2 R' D R'
36712542121112	19522454	R B R' D2 B2 D B R D' R' B
36712542121121	18287051	R B R2 B R B2 D B2 D2 B' D'
36712542121211	21521796	R B' R B2 R2 D' R B' R' D R
36712542122111	19280143	R B D' R B' R2 D R' D R D2
36714252232223	12592068	R B R B2 D B2 D R' B R2 D2
36714521232113	17382977	R D B' D2 R D' B' D' B2 D2 R
36714522121322	17280378	R D B' D2 B' D R D R2 D2 R
36714522122213	14003939	R B D' B2 D' B R D R2 D2 R
36714523132223	14241960	R B2 R B' D2 R B D2 R' B' D
36714523132322	13969851	R B2 R B D' R B R B2 D B2
36721451131331	12286232	R B D' B D' B2 R2 D B D R'
36721452121322	14058693	R B2 D' B R D' B R' D2 R' B
36721452122123	11715623	R B R2 B' R B2 D' B' R D2 R2
36721452122213	14050252	R B2 D2 B R B2 R D R2 D' R
36721452122321	13126592	R B2 R' D R2 B' D' R' D B' R'
36721452131111	12988171	R B2 R2 B D' B D B' R D R
36721452223232	12569798	R B D2 R' D' R D' R2 B D R
36721453113113	13657253	R B' R D' B2 R D R2 B' R D'
36721453121111	16595170	R D2 R2 B' D' B R' D2 R D' B2
36725411121212	20737399	R B R2 B D B2 D2 B' R' D R'
36725411131313	20801153	R B R2 D B' R2 B' D B' D R2
36725411212121	20862937	R B R2 B D R' D B' R' D2 R2
36725411313131	20947493	R B R2 B2 R' D' R2 D' B' R B'
36725412111212	22462403	R B2 R D R' B R' B R2 B2 R'
36725412121112	20755657	R B R2 B R D' R B' R' D2 R2
36725412121211	21372796	R B2 R B D' R B' D R2 D2 R'
36725412121232	20862531	R B R2 B R B2 R2 B' D' R B'
36725412123212	22098307	R B2 R D B' R B' R B2 R2 B'
36725412321212	21735883	R B2 R B R' B R' D B2 D2 B'
36725413111313	23940688	R B' R2 B' D' B R' B R' D2 R2
36725413131113	21517496	R B D2 R B' D2 B' D R' D R2
36725413131311	25140963	R B' D2 B' D' B D' B R' D2 R2
36741252122123	21013912	R B' R B2 R2 D' R B' R' D R2
36741252122321	19622597	R B2 R2 B R B' R D' R B' D2
36741252122333	18951453	R B R2 B2 R' B R2 D B2 D2 B'
36741252123323	20287397	R B2 R2 B' R D' B R' D R B2
36741253233131	20003019	R B2 R2 B R' D B' D R' B D2
36745211211221	11443402	R B R2 B D' B R2 D' R B R'
36745212121223	11939587	R B R2 B' R' D2 B R' D' R2 B2
36745212122312	14920437	R B' D' B D' B' D B2 R' D2 R
36745212122333	12680022	R B R D' R2 B D' B2 D B2 D2
36745212123323	14250060	R B2 D' R' D B' R B2 D' R B'
36745212131111	11981542	R B R' B D B D' R2 D R' B2
36745212223232	12586533	R B D2 R' D' R D' R2 B D R'
36745213121111	15454784	R D R' B D R B' D2 B R' B2
36745213131131	11753855	R B R B2 D' B' R B' R B2 D
36745213133111	12896245	R B2 R D2 R2 B' R B R' D2 R
36745213232213	12304251	R B R D' R D2 R' B2 D R' D
36751243222322	12887927	R B D B2 D B' D' R' D2 B D
36752142122132	13749201	R B2 R2 D R' B D' R2 D B2 R2
36752142123221	12877336	R B D2 B D2 B D' B' R B2 R
36752143132232	11451599	R B R B D B' D' B D2 R' B
36752143133222	13944645	R B' R' B' R2 D B D R' D' B
36752143211132	13012821	R B D' B D2 R' B' D R' B2 R2
36754123232222	22359180	R B' D B2 D' B R' B D R' B2
37246511112233	15774208	R D R' D' B D2 B D R2 D2 B'
37256142321233	14833095	R B D' R B2 D' R B' R2 D2 B
37415622333221	16696332	R D2 R' D B R D' R2 B D' R'
37426513132313	19154821	R B R2 B' R2 B D' R2 D' B D2
37452162323312	13781378	R B R D B' D2 R2 D' R2 B' R
37516422333311	13084947	R B D R2 D2 R D' B R' D B
37561241311112	12712572	R B2 D' R B' D' R D2 R B D'
37612453122233	12889120	R B R' B2 D B' R' B' D R2 D'
37612542221111	15131630	R B2 D2 R B2 R B' D' R' D2 R2
37614252221123	16459606	R B2 R' D R' B' R B' R2 B R2
37614521111111	17333595	R B' D R2 D' R2 B D' R' D' R
37614521323232	11291271	R B D R' B2 D R2 D' R D' B
37614522111221	12799763	R B2 R B' R D' B' D R2 D' B
37614522113321	14548192	R B' R2 D2 B' D B' D2 R B' D2
37614522313322	15162891	R B' D2 R2 B' R B' R2 D R' D2
37614522323312	12708710	R B2 R B' D R' B' D R2 D' R
37614523232213	14320073	R B' R D' B R D' B R B' D'
37615421113322	15982384	R B2 R' D B' R B' D R' D2 R2
37615422211133	15885719	R B2 R D' R B' D R' B' D2 B2
37615422223133	16097652	R B2 R D' B D' R D' R' D2 R2
37615422313121	14973182	R B R B' D2 R' B R' B D' B'
37615422313331	16076277	R B D B' D2 R' D R' B D' R'
37615423121132	16989677	R B2 R2 B' D B2 R' D2 R D2 B'
37624152311213	16472236	R B2 D' B2 R D' R B' R B' D
37624511232233	14898861	R B' R' B2 R' B' D2 B D B2 R'
37624512121322	17201994	R D B' R2 B' R B D B2 D2 B
37624512231212	13295975	R B R' B2 R' D B D B2 D2 B
37624513131323	14169087	R B D R B2 D2 R2 D B2 D' B2
37624513231313	13816254	R B R2 B' D B2 D' B R D2 B'
37641252222323	14644378	R B2 D2 R B2 R B' D' R' D2 R'
37642152213311	17206178	R D2 R B R2 B' R' D2 B R B
37642513122221	14793417	R B2 R' B D' B D2 B2 R2 D' R'
37645122312221	12492839	R B R D2 R2 D R' B R' D R
37651242211133	17825061	R D R2 D' B R' B R2 B' R2 B
37651422312311	16771036	R D2 R' B D R D' R2 B D' B'
37652141113232	12089977	R B R D' B2 R D2 R' D R' B'
37652143231322	13654639	R B2 R D' B2 R2 B' R D R2 D
37654212311222	15740368	R B D' B2 R' B R D' R2 B2 D2
41236753232321	13332146	R B' R' B R' D2 B' D R D B2
41237561313131	18750007	R B2 D2 B' D B' R B2 R' D2 R
41263751312222	20262926	R D2 R2 D B2 D2 R2 D R2 D2 B'
41325671212211	13617685	R B D2 B' R2 D R' D2 R B D'
41325762313223	12652709	R B D2 B2 R2 D' R' B R' B D2
41325763131233	12105028	R B R B2 D2 R' B D' R' B2 D2
41352671212112	18870205	R B R' B' D B' D2 R2 D R' B
41352671212121	19461462	R B R' D B2 D2 R' D B' R' B
41352671222111	19571406	R B D' R' D B' R2 D2 R D' B
41357622313112	10859570	R B D B' D2 B R' B R B2 D2
41367253111133	17838761	R B' R2 B R2 B2 R B2 D B2 D'
41532672313211	23994247	R2 B' R D R' D2 R' D' B' D B2
41532761233133	15934719	R B D2 B2 D' R D2 B' R2 B D
41563273113311	14289946	R B R2 B2 D R' D' B D2 R B
41576322212222	17592850	R B D B' D2 B R' D B R' B2
41625372313211	38000062	R' D R' B D B2 R' D B D2 B'
41625373121213	13361921	R B R D2 R' D' R2 B D' R' D'
41625731222231	15529024	R B D' B' D2 B' R' D2 B R2 B'
41635721212121	22788453	R D2 R' D' R D' B R2 B D' B
41657321222312	14287269	R B R' B R' D B2 D R' D B2
41673252212222	18569534	R B D2 B' R2 B' R B D' R D2
41673521111111	15148512	R B D' R2 D B' R D' B2 R2 D2
41723562313211	14467504	R B R' B R2 D R' D' B' D2 B'
41725361232113	16342609	R B R' B2 D2 B D R D' R2 B
41725361321213	19710893	R D B2 R2 D' R' D R' B R2 B
41725362221213	16871047	R B2 D' R2 D B2 R' D B2 D2 B'
41725362313211	18261196	R B R2 B D2 B2 R2 B R2 B' D'
41725362313223	18321189	R D B2 R' B R B2 D2 R D' R'
41725363121222	15718963	R B D' R D' R B2 D B' R' B'
41725363121231	15047458	R B R2 D2 B' R' B D' B R2 B
41725631111111	18062980	R B' D' R' D R2 B' D2 B D' B
41725631211122	14033662	R B2 R' D R' D2 B2 R' D' R2 B'
41725632322331	12271473	R B2 R' B D2 B' R D2 B' R' B2
41725633111133	13275416	R B D R' D B2 D' B2 R B' R
41725633121123	12796672	R B2 R B' D R D2 B' R B D
41725633211111	14644277	R B' D B' D2 B R2 D' R D B
41726352313322	13931575	R B R2 D2 B R' B' R' D2 R2 B'
41726532312233	17286881	R B2 R2 D' B R' B2 R' B' D R'
41735261323313	17321243	R D' R D' R2 D' R' B' D B2 R
41735262312233	16259757	R B2 D' B2 D' B R' D2 B2 R' B
41735263123223	13077577	R B D' R2 B D' R' D' B D2 B'
41735621233232	13562397	R B R B' R B2 D' B2 D R B2
41735622313322	15874426	R B R2 D2 B D2 B R D' R D
41736521233232	16278978	R D2 B D2 B' R D' R D' B' R
41736522332231	12629443	R B D2 R2 B' R D' B D R' D'
41752631222123	11947702	R B R B2 R B2 R D' B' R D2
41752632311123	13088328	R B2 R' B' R D2 B' R' B' R D2
41752632312323	12030101	R B R2 D2 B D' B D' R2 D R'
41752632313211	45144229	B2 R B' R D R2 B' R B D2 B'
41756231321213	18878579	R D2 R D R2 D B' D' R2 B2 D'
41756233121231	14730730	R B2 R B D2 B R' D' R2 B2 D'
41762532221333	16444854	R B' D R2 D' B D2 R' D2 R D2
41762533123331	15107677	R B2 R B D' R B2 D' B R D'
41765231233232	13414822	R B2 D B' R' D2 B R2 B D2 B2
41765322221312	12211609	R B R' B R2 D' B2 D' B D' R'
41765322313211	26348607	R2 D2 R B' R B R2 D' B D B2
41765323122212	12875200	R B D' R B2 D' R2 D' B D' B'
42136752131312	17508571	R B D R' B D' R D' R D2 B
42137561123333	16547550	R B2 R2 B R2 B2 D2 B' D2 B2 R
42137653122131	12512427	R B2 R' D2 R' B R' D2 B2 D' R
42137653132121	10550163	R B R2 B R' B D' R D2 B' R
42157633231322	16647337	R B2 D' B2 D B D2 R2 B' R' D2
42163751121212	19258923	R B' R2 D' R' B R D' B2 D R
42165373223123	10465210	R B R2 D' R2 D' B D' R2 B2 R
42167532131333	17974889	R B2 D2 B' R D' R D2 R' D2 R
42315673112111	11233191	R B R' B2 D' B D' R' D R2 D
42351671212211	16258062	R B' R D B2 D' R B2 D' R2 D
42351763231133	23809986	R2 B D2 R2 B' D' R B' D R2 D
42367153111121	11518117	R B R' D2 R B' R B R2 D2 B2
42367153211123	12642960	R B R2 B' D B' R2 D R2 D' R2
42516372233111	15758862	R B2 D' R2 D' R D' B2 R2 D' B
42561733323122	11137793	R B R D2 B2 R B R2 D2 B' R'
42573612323231	13842315	R B2 R B2 R' B2 D2 R' B2 R2 D'
42573613322231	12830849	R B R2 D' R' D' B R' B D' R2
42613572313211	14447605	R B R' B2 R' D' B' R D2 B R'
42615371313332	23173817	R2 B D2 R2 B2 R' B D' B D2 B'
42615372213311	18473673	R D B2 R' B D R2 B2 D B' R'
42615372221213	16865148	R B2 D' B2 D R2 B' R B2 R2 B'
42615372313211	18839128	R B D2 B D2 B2 R2 B D2 B' D'
42651372213311	12238635	R B R2 B2 D2 R' D' R D' B D2
42651733311122	15400295	R B' R B2 D' R D R' D B2 D2
42673512232133	16908811	R D B R2 B R B2 R' D' B2 R
42751632321233	16413134	R B' D' B2 D B R2 D' R2 D R2
42751632323231	13114808	R B D' R2 B2 D' R' B D' R B
43126572133313	17686084	R B R2 B' R2 B' R D B' R D2
43167251232212	14928701	R B R' B R' B D' R2 B2 D' R'
43176252123131	12449019	R B R' B2 D R B R2 D' R D2
43176252311132	13242353	R B D' B2 R B D R2 B' R D2
43216573132121	11033297	R B R2 B2 D' B R' D2 R' D2 R'
43216573132223	12364468	R B R' B' R B' D B2 R' D' B2
43216573212311	12128260	R B R' D B2 D' R B' D' R D2
43216573212332	17438106	R2 B R2 B2 D B' D' B R2 D B
43512671313332	13966389	R B R' D R' D2 R B R2 D' B
43527612312323	11772017	R B D R2 B' R D' R D' R2 B
43561271111111	13285533	R B R D' B2 D' R' B' R B2 D'
43571262122222	16961798	R B R D' B D' B R' D R2 B
43572161111111	15876535	R B2 R' B' R' D R2 B D' B D'
43572612312323	13923996	R B2 R' D2 R D' B D' B2 D R
43576211123222	14792980	R B2 R D B2 D R' D' B2 R2 D'
43576212112232	18577963	R D2 R D B2 D B' D' B2 R2 D'
43615271333312	12587612	R B R' D R2 D R2 B' D B' R'
43615272113321	13976609	R B R2 B' D2 R2 B R B' R D2
43617521223221	18338316	R D B' D2 R D' R B D' R2 D'
43621752213323	18407617	R B2 R B2 R2 B R2 D R2 D2 B2
43651722323132	13394902	R B' R2 B R' B D R2 B' D R
43675122222122	20954888	R B' D' R D R B2 R2 D' B D
43675211221331	14066107	R B D R B D' R2 B R2 B D2
43721653231313	16153973	R B R2 D B R2 D' R B2 R2 D
43751623123313	16328735	R B R2 B' R2 D2 B D B' D B'
43765212222122	20485981	R D B2 D2 B' R D2 B' D2 B R
45167323322231	13459335	R B D' R D' B R2 B2 R B D
45176231131313	29009557	R2 B R' B R' B D R2 B2 D2 R
45176231133113	28931317	R2 B D2 R2 B2 D R B' R B' R
45176231331113	28092828	R2 B R2 D2 B2 R B R' B D' R
45176233131113	29787137	R2 B D' R B' R B R2 D2 B2 R
45176321131133	24625790	R2 D R' D' B' D R2 B' R D2 R'
45213672221123	15664685	R B' R B2 R' B D2 R' B2 R D2
45273162222122	18167763	R B2 D2 B' R B' R D2 R' B2 R
45276131131133	21506140	R2 B D' R' D' R D2 B' D B2 D'
45312671222312	11797936	R B R' D2 R B' D2 R D R B2
45312672223331	13158447	R B2 R' B' D R2 B' R' D' R D2
45312672233321	12311372	R B D2 R2 B D' R B' D2 B R'
45312672313211	38698327	B R2 B' R' D R2 B' D' B R' D2
45312673132313	21140002	R2 B2 R D R2 D' R2 D R' B' D2
45312673222112	11733808	R B R' D2 B' R2 B R' B2 D B'
45312673231313	20863263	R2 B2 R B D2 B' R2 B R' B' D2
45312761113211	13530807	R B2 R' B2 R D2 B2 R' D' B2 D2
45312761133311	12917529	R B R2 B2 D B' D B' D R B
45312762221111	15836639	R B' R' D2 R B R2 D' B2 D R2
45312762311111	12973732	R B R' D2 B2 R' B' R B' D B
45321671212211	14164620	R B D' B' D' R D2 B' D R2 D'
45321671221121	14157141	R B' R B R2 D2 B R D2 R2 B'
45321673113311	23489446	R2 B' D R B2 R' B R2 D' B2 D
45327612222323	15122695	R B D2 R2 B2 R' B D' B' R B
45362712122222	17959775	R B D' B R' D' R D2 R B R'
45367122223133	15370867	R B' R2 B R B2 D' B D2 B' R'
45367211111132	13653734	R B2 R' D' B2 R D' R2 D B' D2
45367211211122	14452065	R B2 D2 R2 B D' B R2 D' B D'
45367213111133	14671073	R B2 D2 R2 B D B' R2 D R' D
45376121131133	22737398	R2 B' R B D2 B' R B2 D' B2 D
45376121331311	16636853	R D B' R D2 R' D B' D B R2
45376211333123	13467488	R B' R2 D2 B D' R2 B D' B' R'
45376213131323	21363871	R2 B2 R D B2 D' R2 D B' R' D2
45376213333322	12475060	R B D R' B2 R' D R D B2 D2
45612371133221	14169980	R D R' B2 R B R' B D' B D2
45612372331121	11961907	R B2 R' B R2 B' D R2 B' R' B2
45612373112231	12273101	R B2 R2 B' D B D' R2 B2 D' R
45612373132121	11715087	R B D' B R' D' R2 B2 D' R D'
45612373132223	12912788	R B2 R B' D2 B' R2 D R2 D' R
45612373322111	11331796	R B R' B' D R2 D R' B R2 B'
45612373332122	12081037	R B2 R2 D2 R' B D B2 D2 R2 D'
45612373332221	12178828	R B2 R2 D2 B D' R' D R' B D2
45613271331221	13813381	R B R' B2 R' B D2 R' D2 R B'
45613272233111	17394340	R B2 R2 D' R D' B2 D' R' B R'
45621373123331	15208776	R B R' D' R2 D' R' B2 D B2 D'
45621373211111	18986973	R D R' B D R2 D B2 R2 D B
45621732212123	15838131	R B D2 R2 B2 R' D B' D B2 D'
45621732233333	15180245	R B R2 D2 B2 D' B R' D B2 D'
45623712332123	11134302	R B D' R D' B' R' D B2 R D'
45623713322321	10668803	R B R' B D' R' B' R B2 D R'
45637123132121	12265162	R B2 D' R' D' B2 R B' R2 B' D2
45637123332122	10748730	R B R2 D B2 D B2 D2 R' B R
45671231132231	10916831	R B D R' D' R' D B D' B D2
45671233112132	11737129	R B2 R' B2 R' D R2 B R2 B R2
45673212212132	14116857	R B R' D2 B2 D' R' D B' R B'
45673213211222	14422221	R B D2 R2 B' D B' D' B2 R2 D
45713623223132	11619624	R B D' B2 R' D R D' B R2 D2
45721363321313	13505087	R B2 R2 B D' R2 B R2 B R2 B2
45721363322231	13034851	R B D R2 B2 D' R D' R' D2 B2
45732612233321	11742231	R B R D' R2 D' R' D R2 D2 B'
45736121122211	19087856	R D B D2 B' D R2 B' D2 B R'
46123571111111	14280734	R B R' B2 R D' R D' R2 B2 D2
46123573232123	17485316	R D' B2 R D' R D' B' R' D R2
46125731333123	14048878	R B D R' D B D2 R' D R B2
46127351131313	17639321	R B R2 B R' D R D2 R D R'
46127352131333	19839180	R B' R' B D B D2 B2 R' B D
46127353131323	21321925	R B' R' D R D B2 D2 R' B R
46135272133313	16649354	R B R B' D2 B D' R B R' B2
46153273131131	20152357	R D' R2 B2 R' D2 B D2 B2 D B'
46157233333232	12290183	R B R D' B D' B2 R' D B2 R'
46157321331233	14685452	R B D' R' B R' D2 B2 R' D' R2
46215372121223	13005095	R B D' B R2 D' R2 D' R B' R'
46215372313211	22544926	R2 B2 R B' D R D2 B' R D R2
46257132211133	16006859	R B' D2 B D R2 B' D R2 D' R'
46257313312211	25038506	R2 D R' D B R2 B R2 D2 B D
46273512122312	13035773	R B D' B2 D' R' D' R B2 D' R
46273513221212	12399890	R B R' D2 R' D' R' B D2 R' B
46275311123222	15210645	R B R2 D2 B' D' R D' R D2 R
46275312112232	19109767	R D R2 B2 D' B' D B' R D2 R
46275312132212	16853085	R B2 D' B2 D B2 R' B R2 B2 R'
46275312232133	14845159	R B D R2 D2 R B R B' D2 B'
46275312313211	18136809	R B R2 B R2 B2 D2 B D2 B' D'
46275313121222	15628221	R B D' B D' R B2 D B' D' R'
46275313312211	18059455	R D R2 B' R D R2 B2 D R' B'
46321752111131	13779738	R B' D2 B D' R B R2 D' B R
46352171211233	11249227	R B D' R D R B' R2 D B D'
46352172113231	10425087	R B R B' D2 B D' B R B2 D2
46372511221331	15232459	R B2 R' B D' R' B R' D2 R D2
46375211211332	11305279	R B R' B' R2 D' R' D R2 B' R'
46375212113111	12411868	R B D2 B R' D' R D' B' D2 B
46375212132131	11277403	R B R D2 B2 R2 D B' R2 B D'
46375212132221	12441671	R B D' B R2 D' R' B D' B2 R'
46375212332222	12157176	R B R2 D' R' B R D2 B2 R2 D'
46375213112111	15401701	R D R' B D' B R2 B2 R B' D'
46375213123121	14054679	R B' D2 R D' R' D B D' R B2
46375213333121	11439920	R B R2 B D' R D' B' R' D R2
46512371331221	14813857	R B D' R2 B2 R D' B2 D' B2 D2
46512372113321	16125184	R B R2 B' D2 R2 B R B' R D
46513272332111	11917578	R B R2 D2 B' R B' R B R' D'
46513273113221	11869131	R B R D' B2 D' R B2 D B' R
46523711331332	14177037	R B R2 B' D B' D R' B D B2
46527133111121	11529526	R B R' D2 R B' R B' D2 B2 R2
46572311223122	15132347	R B' D B' R2 B' R' B' D R2 B
46572312132122	12344155	R B R2 B' D B2 R2 D R' D R2
46721533123313	15742962	R B R2 B' R D' B R' D R B2
47123562232133	17211598	R D B D2 R' B' R2 B R D2 R
47123651233232	12746120	R B' R D R' B D' B2 R B R2
47126351233232	17363569	R D R' B R D' B2 R D' B D'
47126532133133	14555921	R B D' R2 B2 R' B' D B' D B'
47132562311111	13929356	R B2 R B2 R' B2 R B2 D2 R2 D'
47132563222331	18611183	R2 B D' R' D R D' B R2 B' D
47132652233321	13883991	R B2 R' D2 R B' D B' D2 B R
47135622132332	13020601	R B D2 B' D B2 R2 D B' D R2
47136252133112	18382458	R D2 R B R2 B R' D' B2 R2 D'
47152361233232	11494383	R B R' D B D2 B2 D' R' D2 B
47152631322131	14775218	R B2 R2 B' R B' R D2 R D R2
47156231332313	14824518	R B' D' R D2 R D' B' D B2 D2
47156233211132	14174594	R B' R2 D R2 D' R B' D2 B' R
47156233223312	12237290	R B D' B D' R' B D2 R' B' D'
47156233233113	14447001	R B' R' D R2 D R' B' D B2 D2
47156233322312	11748656	R B R' D R' D' B R2 D' R' D'
47156321111111	14937174	R B D R' B R' D B2 D2 B D'
47156321133311	15106802	R B' R D2 R D R B' D R2 D'
47156322132311	12813090	R B D2 R' D' B R D2 B2 R2 D'
47156322313232	11835020	R B R2 B R' D' B R' B' R2 B
47156322332132	11048398	R B R D2 R' D R2 B' R2 B' R2
47156322332312	11548285	R B R' B R2 D' B' D B' D2 R'
47156323223123	12734542	R B2 R2 B' R' B R2 D' R B R2
47162351322122	12947771	R B D B2 D2 B R' D R' B D
47163522131222	12392186	R B R' B2 R' B' D' R D2 B' R
47165321232113	16798997	R B D' R2 B2 R B R D' B2 R
47165321322131	24448922	R2 B2 D2 B' R D' R2 B' R B' R2
47165322132212	16839013	R B2 D' R2 D R2 B' D R2 D2 R'
47165322133112	19215676	R D R2 B2 D' R' D B' R B2 R
47165322232133	14473533	R B R D2 R2 D B R B' R2 B'
47165322313211	18921406	R B D2 B R2 B2 D2 B R2 B' D'
47216352131333	20203326	R D B2 D2 B' R B2 D' B2 D R
47251363131113	19598368	R B' R2 B R' D B' R2 B' R B'
47251632131312	16735644	R B R' B R' D' B R2 B D R'
47256133212311	12782311	R B D' R' D' R2 B2 D' R B' R
47256133321232	12618909	R B R B' R B2 R' D R2 B' D'
47265312122222	13576726	R B R B2 R' D' B2 R D' R' D'
47265312131312	14150244	R B D B2 D' B' R2 D B' R' D'
47265312313211	37952665	R' D R' D B D2 R' D R B2 R'
47321651311133	14188947	R B R B R2 D' B2 D R2 B' D'
47352612123131	12184965	R B R D' R' D R2 D R2 B' D2
47352612311132	12550574	R B D R' D' R D2 R D2 B' D2
47352612313211	23715615	R2 B' R2 B' R' D' R D2 B D' B
47512632312323	12050641	R B R2 D2 R D' R' D2 R' D B'
47621532232331	11052507	R B R' D R' B' R' B D2 R D'
47621533231121	11539506	R B2 R B' R D R2 B' R B D2
47632152233321	11731999	R B R D2 B' R B' D R' D2 B
47632153212311	14422704	R B' D2 B' R B2 R B2 D B R2
47632153232321	13272568	R B' R2 D' B R B R2 B D' B
47632513212332	18584720	R2 B2 R' B' D' R D2 R D2 R' D2
47652132231323	14400888	R B R2 D2 B2 D' R D' R' D B
47653213211231	18007989	R2 B D2 R' D R D2 B R B' D'
47653213232111	10539278	R B R B D2 B R' B' R' D2 R2
51264731113322	12201404	R B R' D' R D2 R B D2 B2 R'
51264732213311	11504733	R B R B2 R2 D2 R' D' R D' B
51267342312233	20310466	R B' D B2 D B' R D' R' B2 D2
51324671211122	13238911	R B R' B' D B' R B2 D2 R' D'
51324672212111	17106691	R D R' B' D' B R2 D' B R2 B'
51324673113311	20159804	R2 B R2 B' D2 R B' D2 B R D'
51324761111123	14902334	R B R' D R B2 D2 R' D2 R D
51324763113332	14355363	R B R' B' D B D' B2 R2 B R2
51342672212111	16324297	R B' D R B2 R' B R2 D' B2 D
51342763312223	28939262	R' B R' D R B2 D' R D R2 D'
51367241211113	11708426	R B D' R2 D B2 R' B D B D'
51423671221331	12392743	R B D2 B2 R D' B2 R B R2 D2
51426731111111	14558761	R B D R2 D R' B' D R' B2 R2
51426733312211	13215143	R B2 R' B D2 B' R D2 B' R' B
51472361131313	17590858	R B2 R B R' B D' R2 D' B D'
51472633331312	16694619	R B R2 D2 B D2 B R D' R B'
51623471321111	10598780	R B R2 B' R B' D' B2 R B' R
51623743313321	15584700	R B R' D B' D' R B2 R B D'
51624731312123	15105901	R B2 R2 B R2 B' R2 D B' R2 B2
51624733323113	16471536	R B' D' B D2 R' D B' D' R2 D'
51632741323232	11768266	R B D' R2 B D R' D R2 D' R
51642371122313	15838850	R B2 D2 R' B' D R' B2 D2 R D
51642731113322	17278081	R D B2 D2 R' D B' R' B R2 D'
51647231113232	11323721	R B R2 D2 B D2 B R' D' B2 D
51723643131311	16614811	R B R' B D R' B2 R' D2 R D
51724362122222	14383039	R B D' B2 D B R2 B R' B' D
51724363121213	14123483	R B D' R2 D B R2 B D' B' D
51726433123313	16763094	R B D2 B2 D' R B2 D' R2 D B
51732643121213	17520404	R B D' R B' D' R D2 R D R'
51742632323231	13848376	R B2 R' B2 D2 R' B2 R' D' B2 D2
51742632323333	15034025	R B2 D' R' D2 R D2 B' R B D2
52134761232113	13290476	R B D' R' D R2 D B D2 B2 R'
52147631121311	13452964	R B2 R2 D2 B R' D B' D2 B D'
52147631131211	14047863	R B2 D B' D B' R2 B D' B' R
52147631211131	12086480	R B R B' D2 R B' R B' D B2
52147631311121	12341653	R B R2 B' D B2 D R2 D2 B' D'
52147632111113	13354541	R B2 R' B R B D' R D' R2 B
52147633111112	17215201	R D2 R' D B D B' D R' D2 B
52163471112122	13973163	R B2 R' D' R2 B2 D R B R' B2
52163471213111	12002660	R B R2 B' D B' D R2 B2 D2 B'
52163471312111	11841341	R B R B2 D2 B D B' R2 D2 B'
52163471333123	10953855	R B R' D B2 D' B2 R D R B'
52163472111311	11957732	R B R D2 B' R D' B' D2 R B
52163472131222	11751454	R B D2 R2 D R B2 R B R2 B'
52163473111211	12675142	R B D B2 R' B D' R' B2 D B
52163473111331	12525391	R B2 R B R2 B' D2 B D' B' R2
52163473221323	11743547	R B R2 B' D R2 B' R2 B D B2
52163473323332	20155464	R2 B2 R' D R2 B' R' D' R2 B R
52167342121232	16601029	R B R' D B R2 D2 B' R2 B2 D'
52167432121313	14928104	R B2 R' D R' B2 R B2 D' R D'
52167432122222	18232927	R D2 R' B2 D R D2 R2 D' B' D2
52167432131213	15878356	R B' D2 R B R2 B' R' D2 R' B'
52167433133333	17626914	R D B2 D2 B R D R' D2 R' B
52167433331333	15124739	R B' R B2 D' B2 D R' B D2 B'
52174633223123	15699532	R B' R' B' R D' R' D2 R' D' R
52314673311311	24861794	R2 D B' R' D' B D2 R' B D2 B'
52314761322122	14140542	R B2 R2 B D2 B' D2 R D' R2 D2
52341671111111	39574796	B R' B2 R' D' B' R D2 B R' D
52341671122211	14462232	R B2 D' R2 D' R D' B' R2 B R2
52341671311313	11744084	R B R2 B' R B2 D' R2 D R B2
52341672211112	14600593	R B2 D' R2 D' B D' B' D2 B R2
52341672232313	13566595	R B2 R D R2 D' R2 D R' B' D2
52341672323222	14780615	R B' R' D R' B' D R B2 R2 B
52341672323312	19429987	R2 B R2 D B2 D R' B D2 B D
52341673133111	12461865	R B D2 B' D R2 B' R2 B R B2
52341673232213	13295622	R B2 R B D2 B' R2 B R' B' D2
52341673232333	11856047	R B R B2 D' R D' B' R2 D B
52341673323212	19085497	R2 B R D2 R B' R D2 R B2 D
52361472121313	18086412	R D B2 D2 B' D' B2 R B2 R' D2
52361472131312	14950733	R B2 R2 D' R D' B' R D2 B' D'
52367142211121	15278390	R B2 R B' D2 R' B' R' B2 R' D
52367412322232	12820745	R B D2 B' R B2 R D2 R2 B' R
52374161112323	13247212	R B R D2 R D' B' D R' D2 R2
52376413222223	14336092	R B R' D' R B D2 R2 B2 R' B
52463173212332	17162572	R2 B R' B' D' R B2 D' B D2 B'
52463713212332	17230920	R2 B R2 B' R2 D B' R2 B R B'
52471631223113	12908074	R B' R2 D R' B D' R' B' R D2
52471631323112	13235345	R B' D2 R D' R B' R' D' R B2
52614372313211	21426600	R D R' B D B2 R' D B D2 B'
52641733212311	12540672	R B R' B' D' R2 B2 D' B D' B
52641733232321	12767033	R B2 R D R' D2 R B R2 B2 D'
52673413232123	11913802	R B R2 D' R2 D' R D R' D2 B2
52713461232323	11756845	R B R2 B' D2 R2 B R' B' R2 B
52714361232113	19423325	R D B2 D2 R' B R' B' R D2 B'
52714633213223	12752726	R B2 R' B' D2 R D' R2 D R' B2
52714633223123	12770297	R B2 D2 R2 B D R' D2 B R' B
52731641233112	11233833	R B R' D' B D' B D2 R2 B' D
52731641323112	10827965	R B R' B' R B' D B2 R2 D' B
52736141322233	12755857	R B R2 B2 D' B D' R' D R2 B'
52741362313211	14722048	R B D R2 D B2 D R' D2 B2 R'
52741362313223	16765207	R D B' D' B' R2 D2 B' R B' D
52741632122333	18871164	R B R2 B2 R D B2 D2 B' D2 R
52741632123323	23306622	R D R2 D2 R B D2 B2 D' B2 R
52741632212213	19742840	R B D2 R D' R' D2 R' D2 B D'
52741632212231	20528890	R B2 R' B R' B' R D R' D B'
52741632232211	19130623	R B R2 D R' B' R2 B' D2 R D'
52741633221233	18834906	R B D R2 B2 R' B' R2 D' R' D
52741633313312	18578203	R B R' B D B2 D B' D2 R2 B
52741633313321	20023705	R B D' R D' R' B R B' R B2
52741633321223	22149594	R B' D B' R2 B R2 B' D2 B D'
52741633323311	19358652	R B D' R D R2 D B' R2 D2 B
52743611111213	12832397	R B D B' R2 B D' B D' B2 R
52743611111312	15852055	R D B D' R2 D R' D B' D2 R
52743611112131	12822431	R B D2 B' D B R2 D' B' D R
52743611113121	16124547	R D B2 D' B D R2 B' R' B R
52743612131111	12223664	R B R2 B' R D2 R B2 R2 D' B
52743613121111	14803619	R B' D B R2 D' B R' B R2 B'
52761431111213	12735302	R B D2 B' D B2 D B2 D2 R' B'
52761431111312	12822796	R B D B' D2 R D' B D' B D2
52761431112131	13341258	R B2 R2 D2 B R' B R' D2 R B'
52761431113121	13521834	R B2 D R' D B' R2 B R' B' R
52761432131111	12988715	R B D' B2 D' B2 R D' R' B R'
52761433121111	12474280	R B R' B' R B2 D' B2 D' B R'
52763143222331	19715069	R2 B' D B D2 B' R D2 B' D2 B
52763411222312	26139548	R2 B R' D' R B' R2 D2 R D' R
52763411333123	17788755	R B D2 R2 B2 D R D' B D' R
52763413222112	27033425	R2 B D' B' D B' R2 D2 R B' R
52763413223312	26960939	R2 B D' R B2 R2 D' R D' B' R
52763413322312	26166829	R2 B R' B R2 B2 D' R B' D' R
53126471231231	15929965	R D2 B R2 B' D R' B R' B' R'
53126471231321	12726410	R B R' B2 D2 R' D' R D' B R
53126471321321	13626649	R B' R' B2 R D R2 B' R2 B D2
53146272123233	17997203	R D R B2 R' D R2 B' R2 B R'
53147262123131	12525330	R B R2 D' R2 D' B D R' B2 D2
53162743312223	29330192	R' B R' B D R2 B' D R B2 R'
53274163211222	16314214	R B2 R B2 R2 B R2 D' R2 D2 B
53421671321111	16752126	R2 B R D' B2 D B' D R B2 D2
53421671321231	11161614	R B R2 D2 B R2 B R' D' R2 D
53426171112233	12915239	R B R2 B2 D' R B' D' R D2 B'
53462711113322	16831862	R D R2 D2 B' R D' R' B D2 R'
53467211321111	10652295	R B R2 B' D R' B' D2 R D' R
53476121323112	13903837	R D R2 D2 B' D B2 D' B R2 B'
53476121323322	14322598	R D R2 D2 B' R B2 R' D B2 D'
53614721212121	17754241	R B2 R B2 R2 B' R2 D B2 D2 R'
53621471331221	11660810	R B R D' R2 B2 D B' R' D B2
53642171111111	14360536	R B R' B2 R D' R D R2 B2 D'
53672142221213	24025364	R2 B R B' D B' D R' D B2 R
53714622233111	19762427	R B' R D2 R D' R D' B' R2 D2
53721463223312	14718257	R B2 R B2 R2 B R2 D R2 D2 B
53724612121112	17476140	R B D' R B R2 D2 B' R2 B2 D'
53726143333121	12565926	R B R' D2 R B R2 B R' D' R
53741621323112	12901692	R B' R2 D R' D B' R' B' R B2
53741621332112	13307847	R B' D2 R D' B D' B' D' R D2
53742612323333	15275106	R B2 R B' R2 D' B' R' D2 R' D
53761242121211	17331473	R B R B2 R2 B' D2 R B D B2
53761242221213	18354620	R B2 R' D' R B' R D2 R D' R
53761242321212	17199634	R B R B2 R B R B2 D' R B'
53762143222331	14670839	R B D' B' D B R' B2 D2 B D2
53762413322123	16069835	R D R' D B2 D' R D' B D B2
54123673233323	14005219	R B' R D R2 B' D R' B R2 B'
54126371331221	11857635	R B R' B' D R D' R D2 R' D
54127632131213	17053012	R B' D B R' D' R B R' D R2
54127632222212	16177869	R B' R D R' D' R D B' D B2
54127633131212	17043026	R D R2 D2 R' B' D2 R D2 R' B2
54127633133333	17862753	R D B2 R' D B D B2 D2 R' B
54127633333313	16602278	R B' D2 B' D B R D2 R2 D B
54163271133221	13146057	R B2 D R' B R D2 B' D R D2
54163272233111	17112807	R D R B R' B2 D' B R D R
54167231121113	11907876	R B R2 B' R D' B R2 D2 B2 D'
54167231131112	12083428	R B R D2 B2 D B D' R2 B2 D'
54167231221211	12889629	R B2 R' D' B2 R2 D B D R' D2
54167231333213	11932594	R B R' B D R B2 D' R D2 R'
54167232112112	12811581	R B2 R' B' D2 R2 B R D R' D2
54167232133313	13581583	R B2 R2 D B D' R2 D' R' D2 R
54167232333113	11862817	R B R' B R2 B' R2 D B R D'
54167233232333	15303407	R B' D' R B2 R B D' B' R2 D
54167233331213	13500570	R B2 R2 D R B' D2 B' R' B2 R
54172633132313	16693472	R B D2 R B D2 R' B R2 B2 D
54217362233213	27540726	R2 B' R2 B R' D B' R2 B' R B'
54217632132212	24630182	R2 B R' B R' D' B R2 B D R'
54231671123111	12784933	R B2 D' R B D R2 D R' B' D
54231673123121	11198248	R B R' D R D B2 R2 B D2 R2
54261373123121	12152518	R B R D R2 B' R2 B R2 D' B'
54261732231233	15026521	R B R' D B' R D' B2 R2 D' B'
54276132233312	14620876	R B2 R' B R' B2 D' B R' D2 R2
54312671131331	12569558	R B R' B D2 B' D R' B R B2
54312672212111	13750229	R B R' D' R' D R2 B' D B2 D'
54312673311311	23376718	R2 B' R D B2 D' R B2 D' R2 D
54317261113112	11245123	R B D2 B' R D' R' B2 D B' R
54317621111222	14740364	R B D R' D2 B2 R D' R' B D2
54321672212213	19958100	R B D' B R' B R B2 D2 R2 B
54321672212231	18690780	R B R2 D2 B2 R B D' R D' B
54321672232211	19528436	R B R' D B' R D B2 R2 D2 B
54321673313312	28296932	R2 B R' B' D B' D2 R2 D R' B
54321673313321	29086734	R2 B R' D B2 D2 R' D B' R' B
54321673323311	28983101	R2 B D' R' D B' R2 D2 R D' B
54321761211221	12200086	R B R B' D B' D2 R' D R2 B'
54321763113113	16500999	R D R' B D2 B' R D' B R B2
54326171111231	16593930	R2 B R B' D2 B D' B R B2 D2
54326171112233	11767289	R B R' D2 R' D2 R D' B' D' R
54326171321231	11962268	R B D' R2 D' R2 D R' B' D' R
54326711112212	15259896	R B D' B R2 D' R B' D2 R2 B
54327612223232	13337647	R B2 R' B D R B' R B' D2 R
54361272223232	13597541	R B2 D2 R' B D R2 D2 B R D
54362171113133	14169438	R B R B D' B2 D R' B R' D'
54362711111231	11333424	R B D' B2 R D R' B D2 B' R
54362711323112	13838222	R D R' D' R D' B R2 D2 B' R
54367121112212	16833479	R B' D' R2 D B R2 D' R2 D B2
54367121113211	13881478	R B D' B2 R2 D' R' B R' B R
54367121113331	19186973	R D2 B D2 B' D R' D R' B' R'
54367122211121	15390700	R B2 D' B' R2 B D2 R' B R D2
54367122311111	13901381	R B2 R' B2 D2 R' D2 R' D' R2 D2
54367123311113	13846481	R B D2 B2 R B' R B' R D R
54367211132222	18812987	R B D B2 R2 B' R B' D' B2 R'
54367211213333	23497384	R D B2 D2 B D R2 D2 R' D2 B
54367211222132	19179776	R B R' B D' B' D B R' B D2
54367211333213	20425342	R B2 R' D B' R' B R B' D R'
54367212211322	23351564	R D R2 D2 R B R2 B2 R' D2 B
54367212231122	19889895	R B D2 B2 D B D2 B2 D' R2 B
54367212233213	19123150	R B R2 D R' D' R2 D' R2 B D'
54367212332213	19645511	R B D2 R D' B' R2 B' D2 R D'
54367212333113	20603957	R B2 R' B D' R' B R D' B R'
54367213112222	22167878	R B' D R' D2 R B2 R' D2 R D'
54367213312133	21710021	R B' R B' R2 B R2 B' R2 B R'
54371261113331	14496085	R B R2 B2 D B' D2 R D R2 B2
54371621113112	16992193	R2 B D B' D2 B R' B R B2 D2
54371621113322	11652889	R B R2 B' R2 D2 B D' B' D2 B
54376121322233	13608770	R B D2 B2 R' B R' D' B R2 D'
54376211111132	13980784	R B2 R2 D2 B' R B D' B D' R2
54376211111222	12891879	R B R B2 R' D' B2 D' B2 D B2
54376211113133	14581212	R B2 D B2 D' B R' D B' D' R'
54612371112311	20690281	R2 B R2 B2 D2 R' D' R D' B D2
54612372222131	15255208	R B D R B2 D B' D2 R2 B' R
54612732112223	14411173	R B2 R' B D' R2 B' D B' D2 B2
54612733322213	14602733	R B2 R' D R' B2 D' R B' D2 B2
54621371133311	13450556	R B D' B D2 B' D B' D R D2
54621372211121	14717605	R B' R D R2 B2 D R B2 R2 D'
54637211132111	11370332	R B R' B2 R D2 B' D B R D'
54671232221213	15498646	R B R2 B D R' B2 R' B' R2 D2
54712361323313	14700444	R B2 D2 R' D' R D' B2 R2 D B
54712362223322	15425951	R B2 R2 B D2 B D2 R' B R2 B2
54716232222113	15263931	R B D' R B' R B' R2 D2 B' R'
54716321112323	14761354	R B D' B2 D B' R B D2 R2 B'
54716322313223	12189748	R B D B2 D2 R2 D' B' R B' R
54721631111111	47074059	B2 R' B R' D' B R2 B R B D'
54721631122121	13795272	R B2 D' R D2 R' D' B R' B2 R2
54721631311133	13085501	R B D2 B' R D2 B' R2 B R D2
54721632133232	12760294	R B2 R' B' R2 D2 B R D B' D2
54721632212222	13613087	R B2 R2 D R D' R2 D' B' R2 B
54721632212231	11871037	R B R' D R B R2 D' B D2 B'
54721633231322	12666296	R B D B' R2 D2 R B D2 B D2
54721633313321	13616595	R B2 R D' R D' B' R B' R D2
54721633333331	11962915	R B R2 D2 R B R2 B D R2 D'
54723612131312	18427782	R D2 R' D2 B R D2 R2 D' R' D2
54723612221222	15079578	R B2 R' D B' R2 B R2 D' R D'
54723612222212	15439986	R B' R2 B' D' B2 D B R2 D' R'
54723613121312	16948548	R D B2 R' D' R2 D R B2 R D'
54723613333313	17119167	R D B2 R' D' B2 D B D2 B R'
54761233322321	13178236	R B D' B2 R2 D' B D' B' D R2
54763212322232	12520572	R B R' B2 R' D2 B D' B' D B'
56123471222312	18321775	R B D' B D' R' B D R' D B2
56123471223221	17391255	R B R B2 D2 B' R' B2 D' R' B
56123471331332	22262465	R D B2 D2 B D B2 D2 B' R2 D
56123471333123	19119395	R B2 R' D R' B' R B R' D R'
56123472322121	18388516	R B D2 B2 D B R2 B2 R' B2 D
56123472331331	17255498	R B R2 B2 R D R2 D2 R' B2 D
56123473133132	20315900	R B' R D' R2 D B2 D' B2 D R'
56123473133231	17101901	R B R D2 B2 D' R' B2 D' B' R
56123473222112	17678630	R B R' D R' D' B R B' D B2
56123473223312	17635042	R B R' D R D2 R B' R2 D2 B
56123473322312	18284236	R B D' B D R2 D B' D2 R2 B
56124371111231	11056282	R B R' B2 D B R' B R2 B' R
56124371232323	15197501	R D R' B' R D' B D2 R2 B' R
56127433332323	13553417	R B2 R2 D2 B D' R B' D2 B R
56132472333332	13781733	R B2 D2 R2 B D' R B2 D' B R'
56132473211111	13376412	R B D' B' D' R2 B2 D' R D' B
56132473213211	13377979	R B2 R D B' D2 B D B2 D2 R'
56143273332323	16733835	R D2 R' B D B D' B R' D2 B
56147231222132	29657581	R2 B D' B R2 B2 D' R D' R' D
56147231333213	18421616	R B R2 D2 B2 R B R' B D' R
56147232233213	19193212	R B R' B R' B D R2 B2 D2 R
56147232332213	19839174	R B D' R B' R B R2 D2 B2 R
56147232333113	19218715	R B D2 R2 B2 D R B' R B' R
56147322333233	17162423	R D R' D' B' D R2 B' R D2 R'
56173421113112	11216246	R B D2 B' D R' D' B2 R D' R
56174232323333	15145633	R B' D B R2 D2 B R B2 R2 D'
56174321232113	18607582	R D R2 D2 B' D R' D' B D2 R'
56213471111111	15365273	R B D' B2 D B2 R' D R D B'
56213743313333	18039495	R B R2 B' D2 R2 B R B' R B'
56243173133111	16430951	R B' R2 B D2 B2 D R2 B D2 B'
56243713121333	16824408	R B R2 D B D2 R' D B2 D2 R
56247132333233	13838892	R B D' R' D' R D2 B' D B2 D'
56271433111313	18474900	R B2 R B2 R2 B' R2 D' R2 D2 B
56271433123313	18013585	R B2 R2 D' B R' B' D R D' R
56271433132313	18939780	R B2 R2 D' R D' B' R D B' D
56274132331133	14695398	R B R D B2 R D' B2 R2 D' B
56274312313211	21512408	R D R' D B D2 R' D R B2 R'
56321473233323	12265117	R B R' D2 R' D R B2 D' B D
56321742211112	18297962	R D R D2 R' B R2 D' B2 D B'
56324171221331	12019035	R B R' B R2 D' B D' R2 B2 D
56327411211332	12117726	R B R' B' D B R2 D2 B2 R D
56327413213112	11973572	R B R' B2 D2 R' B R' B' R D2
56341273121213	17541497	R D B2 D2 B R B R' D2 R' B
56341273131212	15731416	R B' R2 D2 R B D R' B2 D B
56347122333233	15737707	R B' R B D2 B' R B2 D' B2 D
56347211213111	12399504	R B D R' B D R' D R2 D2 R
56347211222132	12672889	R B2 R B' D R' B' D R' B R2
56347211312111	11742128	R B R B' R2 B' D' R D B2 R'
56347211331131	11417212	R B R D' R2 B2 R D R2 D R2
56347212111221	20646223	R2 B2 R' B R2 D' B' R' D2 B D
56347212111311	15593105	R B' D' B R2 B R D' B' D2 R
56347212123233	14322309	R B2 D' R B2 R' B' R B' D2 B2
56347212232223	13770943	R B2 R D B2 D' R2 D B' R' D2
56347213111211	14936890	R B' R' B R2 B D B' D' B2 R
56347213131332	13100202	R B2 R2 D B R' D2 R' D' R2 D
56423171231231	11024239	R B R' B' D B' R2 D2 B' R' D
56423171231321	13454722	R B2 R2 D2 B' R D B' D B' R2
56423171321321	12134475	R B2 D R2 D' B D' B R' D' R'
56423172112121	13830159	R B2 D2 R2 B R' D B2 R' D B'
56423173132121	12499096	R B2 R' B' R2 D R' D2 R D' B2
56423173133111	13701893	R B2 D2 R2 B R D' R2 B R' B
56432713122122	14356614	R B2 R' D B' R2 D' R B' R2 B2
56712341232113	12548223	R B R' B' D R2 D R' B R2 B2
56712343211123	13771197	R B2 R' B R2 B' D R2 B' R' B
56721343123331	14820648	R B R2 B2 R' B R2 D' B2 D B
56721432312233	17253528	R D R B' R' D R' D' R B2 R
56723411113313	12747949	R B D R' D2 B2 D B R2 B R2
56723411121113	12958719	R B D B' R2 B' D' B D B2 R'
56723411131112	11891915	R B R D' R2 D' R' D B D2 R'
56723411222312	11647526	R B2 R B' R D' B' D R' D R2
56723412122312	11418620	R B R2 D2 R D B2 D R D2 R'
56723412323222	12495483	R B D R2 B' R B' R' B2 D R
56723413221212	12044152	R B D2 R2 D B R2 B R B2 R'
56723413222112	11855447	R B2 R D' B R' B' D B' D R2
56723413331111	12060462	R B R B' R2 D2 R B R2 B R2
56732143122113	16642687	R B' R' D R2 B' R B' R' B2 R'
56741231121311	12552319	R B R2 B' D B D2 R' B' D R
56741231131211	16281984	R D B2 D' R B D2 R' D' B R
56741231211131	15810776	R D B R' D2 R D' R B' D2 R
56741231311121	12100096	R B R B' R2 B D' R D' B2 R
56741232111113	13851613	R B2 D2 R' D R B2 R2 D R D
56741233111112	13689145	R B2 R2 D2 B D' B R' D2 R D
56743212122222	15128712	R B2 R2 D' B R' B' D R2 B' D'
56743212221222	17943326	R D B2 D2 B' D' R2 B R2 B' D2
56743213121213	18709973	R D B2 R' D R D B2 D2 R' B
56743213121312	16258467	R B' R2 B' R D B D2 B2 D B
56743213331333	17674905	R D R2 D2 R' B' R2 D R2 D' B2
57123461111111	14585867	R B R' D2 R B2 D' R D R B'
57164322131312	13605424	R B R' B2 R D R2 D R' B' D
57214361323232	11296429	R B R' D2 B D B' D R2 D' R
57214632212213	24465751	R2 B R' D R B' R2 B' R2 B R
57236141113232	12325661	R B D' B2 D' R2 D B' R' D' R
57236141322233	11972331	R B R' B2 R' B2 R D' R' D' R
57236141323232	17503589	R2 B D R' B2 R D' B R D2 B2
57241631322113	10879306	R B R2 B2 D' B R2 B' D R2 D'
57241631323112	10542767	R B R2 B2 D' R D2 R' B R2 B'
57246131112233	13639694	R B D2 B2 R' D R' D' R B2 D'
57264132111323	15201810	R B2 R2 B R2 B R2 D' R B2 R2
57321641311112	12630763	R B2 D' R B' D' R D2 R B D
57321642311132	12677394	R B R' B D B D2 R2 D B2 R2
57364212213311	17141966	R D B' R' D' B2 R2 D' R B' D
57364212313211	14473244	R B R D2 R B2 R B' R2 D2 B'
57364213332122	11348107	R B R2 B2 D R' D B' D B D
57642311113322	12660633	R B D' R D2 R2 D B D2 B R'
61234572231323	13932206	R B2 D R2 D' R D' B D' B' D
61234573232213	12557792	R B R D2 B D2 B R' B R2 D2
61235741313131	22017093	R B' D' B D R D2 R2 B' R B
61257343232123	12505107	R B D' B2 D B' R B' R2 B2 D2
61274351313131	16703005	R B D2 R B R2 D' B D2 B2 R
61274532231323	13723210	R B R2 D2 B' R D B' R B2 D
61352472233321	11718812	R B R' B D2 B R B R D2 B2
61352472313211	23192235	R2 B' R2 B' D' B' D R2 B R' D
61452731311313	17146780	R B' R' D' R D' R' B2 R' D' B
61453721111111	15021434	R B D' R2 D B' R D B2 R2 D2
61453721311112	12109151	R B D2 B' D B' D2 R D2 R' B2
61453723111121	11956880	R B D B2 R2 D B R2 D2 B' D'
61472532123332	13388392	R B D R' D R' B D2 B' D2 R'
61472533112111	11336843	R B R B2 D2 R B' R' D R2 B2
61527431111111	15698565	R B' R B D2 R' D R' B D' R2
61534272311132	15617708	R B2 R' B2 R D' B R' B2 R B
61534721112311	13492128	R B2 R' D2 R' D B' D2 R2 D' B
61534721113211	12722675	R B D2 B R' B R' B D2 R' B
61543271111111	16476974	R B' D2 R' B D R B2 R B' D
61543271112311	13941858	R B' R2 B' D B2 D B2 R D B2
61572432312323	12749878	R B R2 B' D B2 R' B' D2 B R'
61734523222331	17358877	R2 B R B' R D B2 D2 R' B' D
62134572321323	16608787	R B' R D R' B2 D2 B D' R2 D'
62135471122121	13646932	R B2 R2 B' D' B R2 D' B D B2
62135472132131	11764540	R B D R2 D' R' D2 B D2 B' D2
62135473122131	11371234	R B R B' D2 R2 D R' D R2 D2
62135473123121	14854491	R D R B' D B' D R2 D' B2 R
62135473131131	13632927	R B2 R2 B' D B' R2 D R' D' B2
62135473132121	13336647	R B2 D2 R2 D B D B' R B' R2
62135473232231	12554693	R B2 R D2 B2 R' B D' R2 B2 D2
62135473322321	13385178	R B2 D2 R' D' B R' D2 B D' R2
62135743222331	13864677	R B R' B' R D' R2 B2 D' B' R2
62135743312223	23186633	R2 B R2 B2 D2 R' B' D R' B R2
62147353123121	12779211	R B2 D' R' B' D2 R B' D2 B' R2
62147353132121	10804861	R B R B2 D' R B' D B' R' D2
62154733321121	11412581	R B D' R' D B2 D R2 B' R2 B
62157342132212	16215289	R B R2 B R D' B2 D' R' B2 D
62173543232132	12582985	R B2 D R B2 R B2 D2 R B' D2
62174351122133	17551254	R B R2 D2 B R2 B R D' B D'
62174533311212	15861556	R B D' R2 B' R B D' R2 B2 D2
62317453112111	11105672	R B D B2 D B' D' R D' R2 B
62317453312211	17887833	R D' R2 D' B R2 B D2 R B D2
62351743112123	20532804	R2 D R' B R2 D R' B' D' B2 D'
62371453311311	15397952	R B D' B' D R B' D R2 D' R
62374511322311	10862539	R B R' B2 D' B D R' D B2 R2
62374513112321	12788569	R B' R2 B' R' D' R D2 B D' B2
62374513312112	10380127	R B R B2 D R' D B2 D B' D2
62435172211133	18688658	R D R' D2 B2 D R B D' R2 B
62435172311132	20061686	R D B R2 B2 R D R D' B2 D'
62435711222222	12563074	R B R' D R' B R2 B2 R D R
62453713311122	15846955	R B' D B2 R' B D B' R B2 R2
62471532232133	13109752	R B R B2 R B D2 B' R' B2 D
62475131322323	12645865	R B R' D B2 R' B2 R' D B' D'
62531472321233	13941784	R B D' B D R2 D2 B' D' R D2
62543711211113	13662346	R B2 D' B' R' D2 B D' R2 D' R2
62543711311112	11535050	R B R D2 B' R B' R D' R' B2
62571432321233	17096189	R B' D' B2 D B' R2 D B2 D' R2
62735143223213	15323215	R B' D2 B' R' B2 R' B D R2 B2
63125741112323	23159833	R2 B R' B D R2 B2 D' R2 D B
63125743131233	12305803	R B R' B D' R B2 R2 B R B
63125743133312	13036891	R B D2 B D' R' B D' R2 B R'
63142571111111	14231406	R B R' D' B R2 B R B' R2 B2
63142571132321	19797658	R2 B' D2 R B D2 B R2 B D' B2
63142573112123	19239074	R2 B' R2 D B R2 B R2 B D' R2
63172452312323	11472162	R B R B R D2 R B' R D2 B2
63172452313211	23597875	R2 B' R B R' D2 R' D' R' B D2
63174522332132	12518910	R B R2 D' R2 D B2 R' D R B'
63247511123132	11749889	R B D' B D' B' D' R B2 D B'
63251743133231	17715075	R D R' B2 D R' D R D' B2 D'
63452711311313	13616295	R B2 D2 R2 B R B' R2 D B' R
63452712333221	12842816	R B2 R B D' B2 D B D2 B2 R'
63471522123131	14464461	R B' R' B' R D2 R' D2 R' D R
63471522323132	15858915	R D2 B' R B' R' B D2 B D B
63471522332132	12950263	R B' R' D' B R2 B' D2 B' D R
63472512123332	14248042	R B R B2 R' D B2 R' B2 R B'
63512743313333	18421331	R B D' B R B2 D2 R' D2 R2 B'
63541271212211	21730741	R2 B D B' R B R2 B2 D' B' R
63542713121333	20210397	R B' R B2 R D' R B' R' D2 B2
63574212123131	12427543	R B R2 D2 R B' D' R2 D' R D'
63574212313211	20124253	R D' R B R B2 R D' B' R B'
63712542221111	13388600	R B R' B D B2 D2 R' B' R D2
63714252123131	15603653	R B2 R' B2 R B' R D' B2 D B
63714521112323	15134066	R B D2 R' D' R' B R' B R' B2
63714522332132	11448890	R B R D2 R' D R2 B' R2 B D2
63721541233322	13034770	R B D' R2 D' R' D' B D2 R' D
63724153121213	18041549	R D B R2 D2 B D' R D' R D'
63725141112323	22269141	R D R2 B' R B R2 D2 B R' D'
63725141233121	15091033	R B R' B D' B D2 R B' D' B'
63725142123131	20389659	R D B D2 B2 D B R D' R2 D'
63725142223133	18446784	R D R' B2 D2 B R B R' D2 B
63725143122113	16951613	R B2 D' R2 D R2 B' D B2 D2 B'
63725143123313	23831213	R2 B2 D2 B' D R' D2 B' R D' B2
63741252222323	14139164	R B2 D B2 D' R D' R B' R' D
63741522123131	14591470	R B R D2 R B R2 B' R' D2 B
63742511232221	14444718	R B R2 D2 B' D B' R' D2 B2 R
63745123122212	12356278	R B R2 D' B R2 B' D' R2 B2 D
63751242221321	17258346	R B' D B R' B2 D2 B D' B2 D'
63751423122311	15225923	R B D' R B' R B' D2 B D2 R'
63752141111111	18517150	R D R' D B' D R2 D2 R D' R'
63752141122211	15584636	R B' R2 D R' B' R B R' B D2
63752141123213	12196667	R B R' B2 R' D B2 D2 B' D2 R
63752142332132	11262608	R B R D2 R' D' R2 B D2 B' D2
63752143123223	11801374	R B D R2 B2 R' B' R' D R2 D2
63752143212323	11562366	R B R B2 R2 B D R' D B' R'
63752143223123	13568157	R B' R2 B D B2 R2 D2 B D' R'
63752411223212	11854098	R B R D' B2 D' B D R D2 R2
63752411333213	19976843	R2 B2 R' B R D' R2 B2 R B2 R
63752412312323	15458661	R D B2 R2 D B' R B' R2 B D'
63752412322112	12407530	R B D B' D2 B' R D R D2 R2
63752412333113	19926974	R2 B2 R' D R D' R2 B2 R D2 R
63754213122122	12972522	R B R' B D' B2 D B D2 R' D
64125371131313	20385867	R B' D2 B R' D R' B2 R' B R'
64157321133212	27058280	R2 D R2 B2 D' R' D B' R B2 R
64231572311132	14898233	R B D R2 B' R' D2 R B R2 B
64257131113223	13212266	R B D B2 R2 D' B R' B' D2 R2
64271533221212	14049292	R B2 D' R2 B D' R' B D' R D'
64275131212223	15853735	R B D2 R2 B' R' D B' D R2 D
64275131312123	15311312	R B R' D R' D B2 R D' R' D'
64275132211133	18935555	R D B' D2 R2 D B R B' R2 D
64275132232133	18329022	R D R B2 R2 B D R B' D2 B'
64275133231112	17345456	R B2 D' B2 D R2 B' R D2 R2 D'
64275133312211	14589945	R B D2 R' B D B2 R2 D R' B'
64275311112332	13987688	R B2 R2 B R' B2 D R2 D B2 D2
64275311222222	12120110	R B R D2 B2 R' B D' B' R2 D2
64275313312211	12927492	R B D2 B2 R2 D' B' R B' R D2
64321572111131	15539864	R D2 B' R B R D2 R D' B' D
64321572132131	12911464	R B' R2 B R D2 B2 R B D R2
64321572311132	14477273	R B' R2 B D R2 B2 D R B R2
64325713121222	25797985	R2 B D' B R' D' R D2 R B R'
64351272132131	12956310	R B D2 R' D2 R B2 D' B D B'
64357212313211	14873983	R B D B2 D R2 D B' R2 D2 B'
64357213231322	17991829	R D2 B R2 B' R B' D R' B' D'
64357213312211	16440503	R D R' B' D' B2 R2 D' B R' D
64531271212211	21018215	R2 B R2 B2 D R' D' B D2 R B
64531272132131	11832683	R B D R2 D' R D2 B' R2 B D2
64531273122131	11595045	R B R B' D2 R2 D R' D' R2 D2
64531273123121	15196381	R D R B' D B' D R2 D' B2 R'
64531273311311	12718807	R B R D' R D B2 D2 R' D' R
64531273312211	11828415	R B R B' R D2 R' D R' D R2
64572131122223	12883774	R B R' D2 B D' B' R' D B2 D'
64713253112111	11066206	R B D R' B2 D' R B' D' R B2
65123471112311	12500376	R B R' D' R' D2 B2 R' B R' B
65123471233232	10838037	R B R' B D R2 D R' D' B' D2
65123472312311	12992214	R B2 R B R' D2 R B D2 B2 R'
65132471212112	13507595	R B D' R D' R' B R2 D' B' R'
65132471222111	13057570	R B R' B D' B' D B2 R' D' R'
65132471231321	15028070	R B' D2 R D2 R' B R' D2 R' B
65132471323121	14472929	R B' D' B D2 B R' B' R D2 R2
65132472131231	11765471	R B R B' D2 B' D B R D2 R2
65132472212231	19491220	R2 B2 R B R2 B' D2 B D' B' R2
65132472233321	15421643	R D B2 R2 D R' B R' B2 R D'
65132473111331	15031446	R B' R2 B R B2 D' B2 R B R'
65132473313312	12221732	R B R B2 R B' D B2 D R2 B
65132473323311	12503523	R B R2 D B2 D B' R D2 R B
65132741223323	12176116	R B R' D' R B' D B2 R2 D' B'
65132743222331	15256059	R D B' D' B' R D2 B' R B2 R'
65134721233232	13748612	R B2 D' R2 D R B2 D2 R' B' R2
65147321232113	17607886	R B' D R2 B' R B D' R D2 R2
65172431132333	14882556	R B2 R B R2 B D' R' B2 D2 R'
65174232123131	12951784	R B R2 D2 B R' B D' B2 D B'
65174232133313	12859701	R B R B' D2 R' B D R B2 R2
65174232323312	14281766	R B2 R' B D2 R' B' D' B2 R D
65174233323212	14194313	R B2 R' D B2 R' B' D' R2 B D
65174233331213	13514331	R B D R' B2 D' R D R B2 R2
65174322313211	13874358	R B R B2 R B2 R B' D2 R2 B'
65174323223123	13588038	R B2 D' B' D2 B R2 D' R D R2
65213741111111	15171923	R B D' R2 D B' R D' R2 D2 B2
65241371111111	14549429	R B2 R B' D R D2 B' R D R2
65243712121322	19225020	R B2 R D2 R2 D B2 R D2 R2 B2
65271341332331	14155973	R B R2 D2 B R' B D' B R' B'
65271432231233	14466901	R B R B' D R' D R2 D B D
65274131111111	17128052	R B' R D' B2 D B2 R' D B D
65274131311313	11869668	R B R D' R B2 R' D2 B R' B
65274131312213	13385731	R B2 R B' R D R2 B' R D R
65274132123332	12900447	R B D R' D R' B D2 B' D2 R
65274133132223	12832297	R B2 R B2 R2 D R B D' R2 D'
65274133232321	11564595	R B D' R D' B R2 B2 R B' R'
65274133312223	12583748	R B R D' R2 B R D' R D2 R
65314272311132	11935895	R B R B' R2 B' D' R B2 R2 D'
65314272313211	19869179	R D' R B' R' D R2 D B D B'
65321472111122	15260972	R B D B2 D' B R2 D' R2 D B'
65417321232113	12425123	R B D R2 B2 D R D2 B2 R' B'
65417323223123	11434427	R B D2 B' R B' D2 R B2 R' D2
65417323232123	12412857	R B D' B2 D B' R B D2 R2 B2
65423713321322	13834538	R B R2 D2 B2 D' R D' R B2 R'
65432173232321	13521612	R B' R2 D' B R B R2 B D' B'
65471231132213	16211149	R B2 R B R' B R2 D' R B R'
65714323223123	13268902	R B2 R D' R2 B' R' D' R2 D' R
65723143321313	12385757	R B R2 B R' B' D B' D2 R B'
65732411333123	26411301	R2 B D2 R2 B2 D R D' B D' R
65742311212313	12154289	R B2 R' B2 R' B R2 D B2 D B2
67132541133311	21584724	R D' R2 B2 R' B2 D B2 D2 B D'
67145323133312	13586273	R B2 R2 B D' B2 R B2 R B2 R2
67154233323332	20044352	R B D' B R2 B2 D' R D' R' D
67215343333133	16763592	R B R2 B D2 B' D R' D' B2 R2
67231541323112	15792045	R D' B2 R D' B R' B' D' R B2
67231543323122	15852271	R D' R2 B D' B D' R' D' R D2
67234513332122	12390061	R B R2 B2 D R' D B' D B D2
67245131313323	12911967	R B D R2 D' R' D2 B D' B' R'
67245311112311	19110699	R D R' D B R2 B R2 D2 B D
67245311133233	15436726	R B D' R' D2 R' D' B2 R D2 R'
67254311131133	20743803	R2 B D2 B' D2 R D' R2 D B D'
67254313311113	12846725	R B R' D R2 D' B D' R B D2
67312452233321	13195725	R B D2 B' D B2 R' B' R2 B R'
67312541121221	12832749	R B D R' B2 R' B R2 D R' B
67312542221111	16380223	R B' R' D2 R B' R2 D R2 D' R2
67321451111123	12397798	R B R' B R' D' B2 R2 D' B R
67321451112311	13322508	R B D' R B2 R' B R' D' B R2
67321451212211	21601600	R2 B R' D' R D R' B R2 B' R
67321451311133	13868055	R B D' B' R D' R B2 D' R' D2
67321452111122	12900138	R B R D' R D' B D2 B' D2 R'
67321453113311	14461900	R B2 R' D' R' D B2 D B2 D' R2
67321542232133	13681151	R B D B2 R' B' R2 B D R2 D
67341252222323	14547253	R B D2 R2 B' R B R' B R2 D
67342512222113	14657200	R B R' B R B' D2 R D' B R'
67345122223133	19147765	R D B' R2 D2 R D B R' B2 D
67345122232133	18475066	R D R D2 R2 D R D B' R2 B'
67345211111123	12374415	R B R' B R' D' B2 R2 D' B R'
67345211111132	13349263	R B2 R2 D2 B D' B' D R' D R2
67345211112233	12856962	R B2 R2 B' R B D' B2 R2 D' B
67345211113322	12464552	R B D' B' D R2 D B' D R2 D'
67345211211122	13837633	R B2 R2 D2 R' D R D2 R2 B2 R'
67345211311133	13635712	R B2 R B' R2 B' R2 D B2 D' B
67345212111122	12506169	R B R D' R D' B D2 B' D2 R
67345213111133	14721732	R B2 D2 R2 B' R D' R D2 B' R
67354121111111	14306978	R B R B2 R B R2 B R B R'
67354211212121	14060642	R B R' B2 R D' B2 R D B D2
67354211313113	20532774	R2 B2 R' D B D' R2 B2 R B2 R
67354211333111	20451516	R2 B2 R' B D B' R2 D2 R D2 R
67354212111221	14226658	R B2 R' B R2 D' B' R' D2 B D
67354212212222	13347935	R B D R2 D B D B' R2 D' R2
67354212311132	13500289	R B D2 R2 B R' B R' D2 R B'
67354213111313	16437080	R B' D R B2 D' B2 R D R2 D'
67354213131311	15681727	R B' R D B2 R' D2 B D B2 D'
67354213211132	13323569	R B2 R' D' R D2 B' D' R' B R2
67354213313333	13420860	R B D R2 D B2 D B' R' B R2
67412353132121	15477270	R D2 R' B2 R' D B' R2 D2 R' D
67412353332221	12057495	R B D' B2 R2 B D2 B R2 D R
67412531131133	14754215	R B D2 B2 R B' R' B D2 R D
67435121332112	11169419	R B D2 R' D2 R' B D' B2 R2 B
67435123123121	11223569	R B D2 R' D2 R' D R' D2 B2 D
67452313321232	15859628	R B2 R D2 R2 B R' B' R B' R
71234563231322	14901621	R B2 D B' R D B' R2 D2 B D
71263541333222	18872973	R2 B' R2 D B D2 B R2 B R' B2
71263542323123	19058050	R2 B' D2 R B R2 B D2 B R' D2
71264533131323	19135258	R B R2 B R2 B' R D2 B' D2 B
71264533221323	18879417	R B R2 D B' R2 D2 R B' R' D2
71264533231223	22102367	R B' D R2 D' R D' R D R' B2
71264533231313	20150086	R B D2 B' D2 B D' R2 D' R D2
71326451211311	12381468	R B2 R' D' B' R D2 B R' D B'
71326453132121	12101544	R B2 R' B2 R' B R' B2 D2 B' D
71326543333313	17910783	R B2 R2 B R2 B2 D2 B R2 B2 D'
71345262132131	13966215	R D B2 R' D2 R' D B' D2 R2 D
71362453113311	14715593	R B R' D' R D R' B R2 B' R
71365423331312	16956177	R B2 R2 D2 B' D2 B' D' B R' B'
71423563213232	13939210	R B R' D2 R' D R2 B' D2 B R'
71423653213232	13077401	R B' R' D' R B2 D' B R2 B' D
71426353312211	13938046	R B2 R D R2 D' R' B2 D B R
71426533333223	15754260	R B2 R' D B' D B2 D2 R2 B' D'
71432561232323	14078915	R B' R B2 R' D2 B R' D' B' R
71432561323232	10978540	R B R D' B2 R B2 R' D B' D
71432562111221	13123656	R B2 R' D' B' R D2 B' R2 B R2
71432563232213	13975097	R B2 D B R2 D2 B D' R B2 R'
71432563323113	11828024	R B D2 R' B R2 D R' D' B' D
71432563323122	12693007	R B2 D R B2 D2 R B' D B2 D'
71432563332113	11920945	R B R2 D' B R2 D B' D' B' R
71435261322233	16311456	R B2 R' D R' B R' D R' B2 R2
71435262222122	14789041	R B R D' B2 R' B R' D R' D'
71435263211123	17321336	R B2 R B' R B' R B' D' B2 D2
71435263311122	16180228	R B2 R B' D B' R D' R' B2 R2
71435263333133	16481630	R B2 R2 B' R D2 B' D2 B R2 D'
71435263333223	16638444	R B2 R2 B' D R2 B' D2 B D2 R'
71435623333331	16245570	R D2 R2 B2 D' B' D B' R2 B D'
71436253333112	17842587	R D' B R' B R2 D R' D' B' D2
71452363213232	12759153	R B2 D R' B D B' R2 D2 B R
71452632222131	17043903	R D R' B R' D R' D2 R B2 D'
71453262222221	13655130	R B2 R' D B D R' D2 B D' B'
71453623311122	18588833	R D B2 D' B D' R B2 R' D2 R
71456321322323	12926554	R B2 R D R' B2 D2 R D2 R' B'
71456322111221	13535573	R B2 R' D' B' R' D2 B D2 B' R2
71462531113322	16218421	R D B' R2 D R' D' B' D2 B2 R
71462532111212	13985422	R B D R' D2 B D' B2 R2 D R'
71462532121112	14437529	R B2 R B R2 D' B2 R D B R'
71462533111223	17356694	R D2 B' D R2 D2 R' D R2 B' R2
71462533221113	14211375	R B2 D' B D2 B2 D' R D2 B' R2
71463523331222	14513096	R B D2 R2 B' R B' D' B2 R2 D
71523463131311	18448405	R B2 R B' R2 B' D B2 R B' R2
71523463231313	19094720	R B2 R2 D' B D' B' D R B' D
71523463331312	18195130	R B2 R2 D' R B' R' D R B' R
71532463221332	14052276	R B R D2 R D' R B' D B D
71534262122222	17825723	R D R D2 B2 R D' R B' R D'
71542633132322	13721287	R B R2 D' R2 D R2 B' D B R'
71543622111131	11613583	R B R D2 B2 D' R' B2 R' D2 R
71543623111121	12915367	R B2 R' B R2 B R2 B2 D' R D'
71546233331213	17709980	R B D R' B2 R D' R D R' B2
71546322231212	18356555	R B R' B R' D B2 D R' D B'
71562433123232	13238391	R B D B' D2 B' D R2 B R' B
71563243221221	14848418	R B D' B2 R D' R D R' B2 R'
71625433213133	23743415	R2 B D B' D B' R B' R B2 D
71643252231212	18059953	R B D2 B2 R' B R' D' B R B'
71643523331213	18571722	R B D2 B' D2 B' R D R' B D2
72134562312212	16789835	R B2 D' R2 B D' R B' D B' D
72136541322233	12462006	R B D2 R' D2 B D' R' B D' R2
72143563222331	12595262	R B D' R' D R D' B R2 B' D
72143651121113	12666309	R B R' D' R2 D' B2 D R' B' R'
72143651131112	13485957	R B D' B' D2 B' D2 B D' B' R'
72143651213111	12262488	R B R2 B' D B' D R2 B2 D2 B
72143651312111	12064711	R B R B2 D2 B D B' R2 D2 B
72143652111311	12287187	R B R D2 B' R D' B' D2 R B'
72143653111211	12226774	R B R2 B R D' R B D B2 R'
72145631233223	12020563	R B R' B' D R2 D R' D' B D
72145633232231	12064303	R B R' D' R D2 R B' D' B D
72145633312223	19512320	R D2 B R' D B R2 D' R D B2
72146352232223	14423826	R B R2 B' R2 B R' D R B' D2
72163452122222	17894860	R D R2 B' D B D R2 D2 B' R
72163453121213	15056402	R B2 R2 D' B D' B' D R2 B' D'
72163453131212	17013733	R D R2 D2 R' B' D2 R D2 R' D2
72163453133333	14555860	R B2 R2 D' R B' R' D R2 B' R'
72163453331333	17925947	R D R2 D2 R' B' R2 D R2 D' R2
72164353131113	17480434	R B2 R D R' B D' B2 D' B R'
72165431113331	12463911	R B R' B D' R2 B2 D R B R'
72165432111113	12955330	R B2 R2 B R B' D' B D' B' R
72165432111122	17233271	R D2 R' B2 R B' R' B D2 R D2
72165432211112	14167062	R B2 R' D2 R D' R' D B2 R D2
72165432323312	12525026	R B D2 B' R B' R2 D2 B' R' B2
72165433111112	12178275	R B R2 B' D B D R' D R' D2
72165433121333	13456892	R B2 R2 D2 R D' B2 R B D2 R2
72165433221233	12811802	R B2 R' B R' B2 D2 B' R' B2 R'
72165433233323	13851629	R B' R B R' B2 D R2 D R' D
72165433321223	11908614	R B R' D2 B2 R B' R' B D' B
72165433331213	13134726	R B D' B2 R2 D' R D R B2 D2
72345611111111	16962693	R B' R2 B' R' D' R D2 B D' B
72345611133113	11655009	R B R B2 D' R2 D R2 D2 B' D
72345611221223	10596175	R B R D2 B' R B2 R' D R2 D2
72345611222222	11502296	R B R' B2 R' D' B2 D B' D2 B2
72345611331332	12409501	R B2 D' B' D B' R D2 B' R B'
72345612122111	13274470	R B2 D R' B2 D' R B R' D B
72345612331331	10501703	R B R B' R2 D R' D2 R B2 R2
72345613221221	11191748	R B D2 B R2 B' R2 B' D B D2
72345613333331	14151839	R B' D' R D' B' R B2 D' B2 D
72356141112323	13609823	R B R' D2 R B' R B R2 D2 B'
72356141232113	12561599	R B R' B' D R2 D R D2 R2 B'
72356143211123	12029544	R B R D2 R2 B2 R' B' D B' D
72361453232333	12078132	R B R B2 D' R D' B' R2 D B'
72361542333233	21585849	R2 B D R' D R B2 R2 D' R' B
72365412222212	13202612	R B R2 B R D2 R' D' R2 B D'
72365413121312	18786197	R D' R2 B R B2 R' D' B2 D' B'
72365413131212	13727258	R B R2 D2 R' B' D' B D2 R' D
72365413331333	13992615	R B2 R D' B D2 B' D2 R D' B'
72435163333313	19833669	R D' B D' R2 D' B' D' B R2 D
72513641232323	12532442	R B R2 B' D2 R2 B R' B' R2 B'
72513641233322	14612560	R B' R2 B R' D B2 R' D2 R D2
72516342313223	13604869	R B2 R B R2 B' D' B2 R B R
72531463321232	14976432	R B' R2 D B2 D' R2 D' B' D B2
72534163211123	15611535	R B2 R D B2 D' R' B2 D B D
72541631111213	12823332	R B D2 B' D B2 D B2 D2 R' B
72541631111312	14257700	R B' R B R2 D' R D' B D2 B'
72541631112131	13348309	R B2 R2 D2 B R' B R' D2 R B
72541631113121	13868707	R B2 D2 R' D B R2 B2 D R B
72541632131111	12250676	R B R D' R2 D R' B D' B2 R
72541633121111	15190499	R D R D' R2 D B' D B' D2 R
72543162311111	11682699	R B R2 B D' B D' B R2 D' R
72543163211111	12974024	R B2 R' B2 R' D R' B2 D2 B' R
72543611221223	17117288	R B R D' R2 B2 R' B' R D2 B'
72543611223221	17930581	R B D' B D' R2 B2 R D B D2
72543611331332	20248477	R B' D B R' B R2 D2 B' R B2
72543611332331	18181216	R B2 R D B D2 R B' D2 B' R
72543612331331	17207419	R B R2 B2 R' B R2 D R2 D2 R
72543613132232	21933567	R D R' D R' B R2 D2 B2 R B'
72543613133222	17713292	R B R' D B' D R2 B2 D2 R B'
72543613221221	18512365	R B2 R2 B D2 R' B D2 B2 D' R'
72543613223312	20433160	R B' R' B2 R D2 R' B D2 B D'
72543613322312	21128620	R B' D' B2 D B2 D' R D2 R D'
72546311323112	12085200	R B2 R D R2 D2 R' B R2 D' R'
72546313323212	13513052	R B2 R' B' R' D' R2 B R2 B' R2
72561342313223	18165614	R D' B2 D' B D2 B R2 D R D2
72561432213122	21492764	R B' R D2 R2 B' D B' D' B R2
72561433221233	19047542	R B D R2 B2 R' D B' D' R2 B
72561433311233	24521740	R D2 R2 D R' D R' B R' D B2
72561433321133	20441456	R B2 R2 B D' R B' D R' D B2
72561433321223	20167528	R B2 R2 B' D2 R' D R2 D2 R' D'
72563411111213	12627886	R B R' D2 R' B2 D R' B' D R'
72563411111312	12399448	R B R' B2 R' B D B2 R' B R
72563411112131	17043306	R D2 R' D R D B' D B' R2 D
72563411113121	13540527	R B2 R' D B R B' D R' B2 D
72563412131111	12285255	R B R2 B' R D2 R B2 R2 D' B'
72563413121111	12115213	R B R D' B2 R B' D R' B D2
72643513212311	12732275	R B D' B R2 B' R B' D' B D2
72643513212332	11818784	R B2 R' B' D' R D2 R D2 R' D2
73125463133132	14143465	R B R' B2 D B' R B D' B2 D'
73146522113231	11494214	R B D B D2 B D B2 D2 R' D'
73246153312211	12286471	R B D R2 D2 B2 D' R' D B' R
73456123231322	14016983	R B R D B' D2 B R' B R' B'
73516243323113	12158440	R B R B2 R2 D' B D' R2 B2 D'
73516243332131	12968003	R B D B2 R2 D R' D R' B R'
73541262321212	16227908	R B R B2 R B R B2 D' R B
73542163321133	16287480	R B2 R2 B D2 B2 R2 B D2 B2 R'
73542613132121	11875651	R B D R' B2 D2 B R' B' D2 B2
73542613132322	12132469	R B R B2 R' D B2 R' B2 R B2
73564213321322	15690307	R B2 R B2 D' B' D R' B R' B
73614251112323	16160278	R B D B2 D B' D' R D' R2 D'
73615241112323	21434002	R B' R B2 D2 R2 B R' B R' D
73615241113322	17514660	R B' R D2 B2 R2 D B' R B' R
73615242223133	17042155	R B2 D' R D R B2 R2 D' B D
73615243123313	16110460	R B2 R2 B' D R2 B' D2 B R2 D'
73615243213313	16658265	R B2 R2 B' R B2 D' B2 D B2 R'
73615243331312	16219883	R B2 R2 B' D B2 R' D2 R B2 D'
73615243332311	16808802	R B2 R2 B' R D2 B' D2 B D2 R'
73615421113322	12604043	R B D2 R2 B2 R' D' B' R D2 B'
73615423213211	16751377	R D2 R' D R B D' R2 B R' B'
73615423333331	13275169	R B2 R' B D B R' D2 B R' D'
73624513121132	21474316	R D2 B' D2 R D' B R' B R' D
73624513332131	19266557	R D2 B' D2 R D' R D' B D' B
73625141112323	15809862	R B R2 B' R2 D2 B D B' D R2
73625143121213	13422199	R B R B2 D2 R D' B R' B D'
73625143333313	14012564	R B R' B D2 B R2 D' B R' D'
73625412222323	13769133	R B D2 B2 R B' R2 D B R2 D2
73642511111111	18177272	R B2 R' D' R D2 B' D' R D' R2
73642511113232	15608291	R B' D' B2 R D R2 D' R' B2 R'
73642511113322	15546245	R D R' B2 D R' B' R' B2 R2 D
73642513223222	16986386	R D2 B' D B2 D2 B' R D2 B' D2
73645121113211	15344491	R B D2 R' B' D2 B' D' R2 B D
73645122222311	14664120	R B D B D R' D2 B D2 B R2
73645211223113	11165490	R B R D' B2 D B' D2 R D' R
73645211231111	14280735	R B' D R2 D' R D' B R2 D2 B2
73645211321111	11168071	R B R2 B R' B D R2 B' D R'
73645211332112	11614688	R B D2 R D' R D2 R2 B' R B2
73645213112231	12061518	R B D2 R' D R D2 B R B' D'
73645213333112	12798429	R B2 D B' D B R2 D' B D' R'
73651241113322	13480668	R B2 R' D2 B2 R' D R D' B2 D
73652413211312	14418010	R B R' B R' B D' B2 D B2 R'
73652413331321	16198639	R B2 D B2 D B R2 D' B D' R2
73654122111122	17957766	R D' R2 B R2 B' R' D2 B2 R B'
73654122221111	12494842	R B R2 B R' B R' D' B2 R B'
73654211111132	14732205	R B R2 B' R2 D2 B D B' D R
74123563323221	11554081	R B R B' D2 B' R B2 D R' B
74123652322121	17929796	R B D2 B2 D' R D2 B R2 B2 R'
74123653132232	22951320	R D2 R2 D B' R B' R B' R B2
74123653133132	18667080	R B2 R2 B' R2 D' R D2 R2 D' R'
74123653133222	18487074	R B2 R2 B R' B R' D B' R B2
74123653133231	17025829	R B R D2 B2 D' B R' D' R2 B
74125631313311	12233301	R B R2 B D2 R2 B R' B' R B2
74125632121121	12786210	R B2 R' B D' B R2 D' B' D B'
74125632122111	11844307	R B R' B2 D2 B' R' D2 R D2 B'
74125632131111	12224232	R B R D' R2 D R' B D' B2 R'
74125632321332	11871122	R B R2 D2 R B2 R' D B R2 D'
74125633121111	14946685	R D R D' R2 D B' D B' D2 R'
74125633131233	11638664	R B R' D2 R' B' D2 B R' D2 R2
74125633132232	10583242	R B R B2 D' R B2 R' D B2 D2
74125633133222	11189961	R B D2 B D2 B' D2 B' D R D2
74125633133312	14899673	R D R' D2 R' B' R2 B R' D2 R2
74125633332323	13996727	R B2 D' B' D2 R B R2 B2 R' D'
74126352333122	16519989	R D' R B D2 B2 R2 D' R' B R2
74132561321231	15536894	R B' D' R2 B D R2 D' R' D2 R'
74132562121121	14432300	R B2 D B2 D R B D R2 D B'
74132562122111	13511055	R B D2 R' B' D' B2 R D' B2 D
74132563131221	16638572	R D2 B' R B2 R2 B' D R2 B' D2
74132563132112	13572764	R B2 D' R B2 R2 B' R D2 B' D2
74136522322121	16770537	R B R' D B2 R D' R2 D' R B'
74152363132232	16492473	R B R2 D B D2 B2 R' B' D' B2
74152363133132	16603983	R B R2 B' D2 B R' D2 R' D R2
74152363133222	18758906	R B' R B2 R' D B' R B D' B2
74152363133231	16570309	R B R2 B2 R' B2 D' R' B2 R' B'
74156322122123	12620030	R B R' B R B2 R D' R2 B R2
74156322122321	12931346	R B D R2 B' R2 D B D2 B D'
74156322313223	12953388	R B2 R B R2 B' D' B2 R B R'
74156323132331	12222708	R B R' D2 B' D B R D2 R2 D
74156323133123	12615913	R B D2 R2 B D' R D B' R2 B'
74163251121122	14037835	R B2 D2 B D2 B D' B D2 B' R
74163252112211	13009278	R B D2 R' B D' B2 R D R2 D2
74163252131111	14019510	R B2 D2 R2 D' B' R B' R2 B D
74163253121111	13913811	R B' R D R2 B' R' B D2 B' R'
74163253131332	11692336	R B R' B2 D2 R' D B D B2 R2
74163253133132	11509277	R B D' R2 B2 D R' D' B D' B
74163253133213	12471975	R B2 R2 D2 R B' D2 R B R2 D2
74163253133231	11875276	R B2 R' B D' R2 B2 R' D' B2 D'
74163253332323	12753325	R B D2 B' D B R D' R D' R2
74165231121212	21958943	R B D2 B D B' D B' R' B2 R2
74165231131313	20648794	R B R' D R' B' R2 B' R' B2 R2
74165231212121	20909504	R B R2 B D R' D B' R' B2 R2
74165231313131	21569873	R B D2 R B' R2 B' D R' B R2
74165232111212	21814218	R B D' B2 R' B R2 B R' B' D2
74165232121112	20752285	R B R2 B R D' R B' R' B2 R2
74165232121211	21012128	R B R' D2 B' R D2 R D' B' D2
74165233111313	22703955	R B2 R2 B' R D' R D' R' D2 R'
74165233131113	20827171	R B R2 B2 R' D' B2 D' R' B D'
74165233131311	22099648	R B2 R2 B' R B' R D' R' B2 R'
74165233131323	20934468	R B R' B D' R' B2 R' D' B2 D2
74165233132313	22532731	R B2 R2 B' R' D2 R' D' R D' R
74165233231313	22555159	R B2 R2 B' R' B2 R' B' D B' R
74213652323132	12083191	R B R' D B R' D B' D2 B2 R
74251633111313	16516644	R B R' D R B' R2 B' R2 B R
74256311321222	22981769	R2 B R2 D2 B' D' R D' R D2 R
74256313111232	26721847	R2 D R2 B2 D' B' D B' R D2 R
74265312333233	13892088	R B D2 B' D2 R D' R2 D B D'
74312652333332	13861812	R B R2 B2 D B' D B' D R B2
74321563311131	14873469	R B D2 R' D2 R D2 B' D B D'
74321653233323	15147015	R D R B' D2 B R' D B' R2 D
74325163131323	16132405	R B R D' B2 D B' R B D' B2
74325612221222	13159071	R B R2 B2 R' D' R2 B D2 B' R2
74325613121312	16774274	R B' R' B D2 B2 D R' B' R D2
74325613131212	13176411	R B R2 B2 R' D' B2 R D2 R' B2
74325613133333	14136197	R B D2 R' D R B R2 B2 D' B
74361253112132	15914348	R D2 B R' B R B2 D' B R D2
74361253211231	11622906	R B R B' D' B D' R' D R2 D
74365211121221	12705901	R B2 R' B D' R2 B2 R B' D R2
74365211213111	11981257	R B R2 B' D B R2 B2 D B' R2
74365211312111	11823455	R B R B2 D2 B D B' D2 B' R2
74365211313113	13086126	R B2 R' D B D' R2 B2 R B2 R
74365211333111	13033716	R B2 R' B D B' R2 D2 R D2 R
74365212111311	12066498	R B R2 B2 D B D' B R2 B R2
74365212222323	12418253	R B R' D R' B2 R' D B D R2
74365212333332	11807620	R B R2 B D2 B' D2 B D' R' B2
74365213111211	12639231	R B D2 B2 R B R' B D2 B R2
74365213121333	12321631	R B R2 B' D' B2 D' B R B2 D2
74512361322233	16068809	R D R' B' D B2 D B R2 B2 D'
74512362313223	12010014	R B R B' D2 B' R' B D2 R' D2
74513263121222	24444866	R2 B R D' B D' B R' D R2 B
74521632222212	16110732	R B' D2 R B D2 B' D' B2 D' R'
74521633121213	18089125	R D2 R' B2 D R B2 R2 B' R' D2
74521633121312	16642332	R D R2 B' D' R2 D B R2 B D'
74521633133333	18392770	R D2 R' D2 B R B2 R2 B' D' R2
74521633333313	16444697	R D R2 B' D' B2 D B R2 B R'
74523611121113	12647716	R B R' D' R2 D' B2 D R' B' R
74523611131112	13096537	R B D' B' D2 B' D2 B D' B' R
74523611213111	12919668	R B D2 B2 D B' R D2 R2 D R'
74523611312111	12273489	R B R2 B2 R D' B D2 B2 D R'
74523612111311	12766464	R B R' D2 B' D B' R' D2 B R
74523613111211	12235644	R B R D' B2 D B' R' B D' B2
74532163123223	14619302	R B2 R' D R' D B2 D2 R2 B' R'
74561231111222	12889213	R B D2 B D' R D2 B' R D R'
74561232111113	13082597	R B2 R D' R D R2 B2 R B D2
74561232221111	14503705	R B' R2 B' R D2 B2 R B' D2 R
74561233111112	14139334	R B2 D' R' B2 D B D2 B2 D' R'
74561233131233	12706133	R B D' R2 B D B2 D R2 D2 B
74561233233323	14963511	R D R B' D2 B R' D B' R2 D'
74561233311233	12732100	R B R' B2 R' D2 R B2 R D R2
74561233321133	12551561	R B R2 B D2 B' D2 B' R D R2
74561233321313	15300662	R D R' B2 R' B' R2 B D' R2 D2
74563211232332	12559737	R B D2 R B2 D' B' D' B2 D' B'
74653213133222	14742924	R B D' R2 B D' R D B' R2 B'
75132463233233	14671686	R B R2 D2 B' R D' R' B2 D2 R
75143263231313	17796550	R B2 R2 D2 B' D2 B' R' B R' B'
75146321323331	16181377	R B2 D2 B' R D' R2 B' R B' R2
75213642223133	14023874	R B D2 B' R B' R D2 R' B2 R
75231463211123	20357408	R D B2 D' R B' D B2 D' R2 D
75234161322233	12580770	R B D R' B2 D B2 D' B R' D'
75234162221111	16633506	R D B2 D' B' D2 R B' R B R'
75236143213232	11721459	R B R' B R2 B' D R B R' B'
75241632222323	14402480	R B D2 B2 R B' R2 D B D2 R2
75243162211322	24530187	R2 B2 R B2 R2 B R2 D' R2 D2 B
75243611113232	12981950	R B2 R B' R2 D R B D2 R' B2
75243613213232	11310188	R B D2 B' D' B2 R B' D R D'
75246131333312	15891951	R B' R' B D2 R' B R' D' B2 D'
75246311111111	30159827	R2 D R' D B D2 R' D R B2 R'
75246313212311	13403091	R B D' R D2 B' D' B D' R2 D2
75246313312211	13012069	R B2 R D R2 D' R' B2 D B R'
75246313332332	13017101	R B2 R2 D R' D B' R2 B R2 D2
75261432123233	14849496	R B' R2 D B2 D' R' B2 D2 R B'
75264132121232	15434549	R B2 R' D R' B' R D B2 D B2
75264132223331	12075012	R B R B D2 R' B R' B' R2 B2
75264132321212	16227521	R B' R B' R2 B D2 R D' R2 D
75264133121333	13049106	R B R D2 R B D' R B2 D B2
75264133331213	13228119	R B R2 D2 B D' B R B' R2 B'
75264311223122	14080575	R B2 R2 B R2 B D2 R' D B2 D2
75264313231112	16174520	R B2 D2 R' D' B R' B2 D2 R D
75312463333133	16633797	R B R2 B' D2 B' D B R' B R2
75314621133221	10555227	R B R B' R' D' B R D' R B2
75314621313212	23014102	R' B D B' D2 B R' B R B2 D2
75314623113122	11867110	R B2 R' D2 R' D B2 R B2 R D2
75316241231231	16593562	R D R B' R B' R D2 R D R
75321461311112	12914963	R B2 D' B R D R2 D R' D' B'
75321463132121	11685066	R B2 R' B D2 B D2 B2 R' D R'
75346122133133	14824496	R B R' D' R B R' D2 B2 D B2
75346211133122	12376767	R B2 R B2 D2 R' D B' D2 R2 B2
75346211211311	15719011	R D B' R D' B D2 B2 D R' D'
75346211311211	11675104	R B R2 B D' R' B R' B' D2 B
75346212323333	14919233	R B' R2 B R B2 D2 R2 B R' D'
75346213112132	11173601	R B R' B2 R D R' B D' R D2
75346213132121	11671016	R B D R' B2 D2 B R' B D2 B2
75346213132322	11784523	R B R B2 R' D' B2 R D2 R' B2
75346213332122	12500518	R B2 R2 B' D R' D2 B R' B' R2
75412631223332	10785586	R B R D2 B R' D R2 D R' B2
75416323232213	14448237	R B R2 B' D2 B D' B R B' D2
75431263133213	16499822	R D2 R2 B2 D' R' D B' R2 B R'
75462132123212	21778691	R B' R D2 R2 B' D B' D' B R
75613243131332	16685006	R D2 R' B R B R' D2 B R' B'
75613243133213	13568927	R B2 R' B R D R' D2 B D' R'
75634123323122	12986936	R B D2 B' D2 B R' B R B' R2
75641323232111	12303170	R B2 R' D2 R' B R2 D B2 D R2
75642132213311	11905537	R B R' B R' D' B2 R' D2 R' D2
76123453233323	12725646	R B D R' B2 D R' B R' B R2
76125343333133	16849723	R B2 R B2 D' B' R B' D R' B
76143252131312	14016073	R B D2 B2 D R B D' R2 D' B
76143252221222	14253432	R B2 R B' R B2 R' D2 B D' R'
76143253131212	14431356	R B2 R D' R B2 R' D2 B D' B'
76143253331333	13362744	R B R' D2 B R2 B' D R' D2 R'
76143253333313	18744814	R D' R2 B R D2 R' D' R2 D' B'
76145231121113	11881702	R B R2 B2 R' D B2 R' D' B2 R
76145231122112	20583477	R2 B2 R' B D2 R' B' D' B2 R D
76145231131112	12844715	R B D2 B2 D' B D2 R' B' D2 R
76145231221112	20546132	R2 B2 R' D B2 R' B' D' R2 B D
76145231311331	11571151	R B R' B D' R2 D' R B R D2
76145232123332	12417773	R B R2 B R2 B' D2 B R' D' B2
76145232233213	15355193	R B' R2 B D' B2 R D B D' R
76145232331313	11942991	R B R2 B' R' D2 R' B D B2 R2
76145232332213	15882376	R B' D2 B D' R2 B D R B' R
76145233133213	12688242	R B D2 B' D' B2 D' R D B2 R2
76145233232333	12058071	R B R2 B2 D R D' B D2 B D2
76154323333112	14716095	R B2 D2 R' B' R D' B2 R2 D R
76213543213133	15199611	R B2 D R2 D B R2 D' B R' D2
76213543311332	14257510	R B D' B R' B R' D2 R B2 D'
76215341231231	13684690	R B R D' R B2 D' R2 D B R2
76215433333133	16221700	R B R' D2 B D' B R B' R2 B'
76231451123111	12996353	R B2 D' B R' D' R D2 R D B'
76245311121131	12616238	R B D' B D2 B' R D R2 B2 D2
76245311131121	11358526	R B R' B D' R B2 R2 B R' D'
76245311213312	12013823	R B D' R' D R2 D B' R B2 R'
76245312132131	12262428	R B2 R2 B' R2 B R D' B2 R D'
76245313122122	11939821	R B D B' R2 D R B' D B2 D
76245313123121	12018455	R B2 R D2 R2 B R D R' D2 R'
76253141123132	11129267	R B D R' B2 R D' B R D2 B2
76253141211332	10913829	R B R' B D B D' R2 B D B'
76253413322312	14978489	R B2 R D2 R2 D B2 R D2 R2 B
76254133311323	24014313	R2 B D2 R2 B' R' D B' D R2 D
76254313211111	21357240	R2 B D2 B2 R2 D' B' R B' R D2
76312452212111	22204672	R2 B D' B' D R B' D R2 D' R
76312453211111	12990941	R B R' B R2 B' D B' D' B R2
76312453311311	14284155	R B2 R' B' R' D R2 D R2 D' R2
76312542321212	13947611	R B D B' R2 D B' D2 R2 B R'
76312542322121	13068061	R B2 D B2 D R' D B2 D B R
76312543322222	17318951	R D2 B' R D2 R2 D' R D2 B' R2
76315241112113	13670591	R B' R D2 R' D R' B R2 D2 B2
76315241113112	11710173	R B D2 B D' R B R2 D' B R'
76315241223113	11408737	R B R2 D R' B R2 B2 D' R B2
76315241322122	12080147	R B D2 R' B2 R D B2 D' R2 D
76315241323313	12730992	R B2 D B' R D R2 B' D B' R'
76315241332112	11653703	R B D B' D2 B R' B2 D B' R
76315243211231	11078739	R B R2 B R2 D B D' R B' R'
76315243323323	13328239	R B2 D R' D B R2 D' B R' D'
76321452122123	18990891	R B D R' B2 D2 B D B R' B2
76321452122321	19367473	R B2 R B D B2 R B' R2 B' D
76321452122333	18990151	R B R2 B2 R' B D2 R D2 R2 D
76321452123323	22026963	R B' D R B2 R B' D2 R2 B R'
76321452212231	18385009	R B R2 D2 B2 R B D' R D' B'
76321452213122	19318738	R B D B' D2 R2 D R B R' B2
76321453233131	20190530	R B2 R2 B R2 D' B R2 B2 R' D'
76321453311233	23069151	R D R' B R' B R2 D2 B2 R B'
76321453313312	21676170	R B' R' D2 R B2 R' D R2 D R'
76321453321133	19249629	R B R' D' R B D2 B2 R2 B R'
76321453323311	22102363	R B' D' R2 D B2 D' B D2 B R'
76321542211112	18404654	R D B D' R B' D B2 D' B2 R'
76321543211111	12366226	R B R D' B2 R2 B D' B' R2 B2
76321543311131	13661037	R B D B2 D' B R2 D' R2 D B2
76324151112233	12686162	R B D B' D2 R B2 R' D R' D'
76324151112323	15346640	R B2 R B D' R2 B2 D R2 D' B'
76324153323122	12538412	R B2 R' B' D' R' D2 B R2 B' D2
76325411111213	13129643	R B2 R2 B D' R D B' R B R
76325411111312	16202638	R D2 R2 B' R' D B' D2 B D' B2
76325411112131	11995296	R B R2 B' R D B D' B R' B2
76325411113121	13157161	R B2 R2 B D B' D' B R' B' R
76325411122121	12992279	R B2 R' B2 R B' D' B D2 R B2
76325411331311	13995511	R B' D R' B2 D B R2 D' R D'
76325412112121	16315158	R D2 R' B2 R D' B' D B2 R B2
76325412231212	14025926	R B2 D2 B D B2 D B R2 B' R
76325412333233	13943546	R B2 D2 B R2 B D' R B2 R' B
76325413222223	12906294	R B2 R2 D R B2 R D' B' D2 R
76341251111213	12811622	R B D' R D R B' R2 B R' B2
76341251111312	15972635	R D B' R D R D' B2 D R' B2
76341251112131	14107822	R B2 D' B' R2 D B D2 B2 D' R'
76341251113121	12930690	R B2 R B' R D R2 B2 R D B2
76341251221121	13549256	R B' R2 B' D B2 R2 D B' D2 R
76341251311313	12987308	R B2 R B2 R2 D' R D R' B2 R
76341252232313	12679561	R B D B' R B2 R' B2 D B' D
76341252323333	13905911	R B2 R' D B' D R2 B' R' B D'
76341253221212	14305695	R B' R' B D' R' B D2 R' B2 R
76341253233131	11513679	R B R2 B R2 B' D2 B' D B R2
76342511111231	10842488	R B R B' D2 R B2 R' D R' D
76342511111321	13952172	R B' D B2 D' B2 R B' D' R' D
76342511323112	11461657	R B D2 R' B R' B D R B' R2
76342512232223	13747370	R B2 D R D2 B2 R D' R D2 R'
76342513213112	16687361	R2 B R B2 D R' D B2 D B' D2
76342513322111	17374020	R2 B R' B2 D' B D R' D B2 R2
76342513323122	12130308	R B2 R' B' D' R D2 B' D2 B D2
76342513323212	13077338	R B2 R' B' R' D R2 B' D2 B R2
76345122211112	17866429	R D B D' R B' D B2 D' B2 R
76345122211121	14319657	R B2 R2 B' R' D B2 R' D B D2
76345122213311	11955280	R B R' B R' D' B2 R' D2 R' D'
76345122311111	14444820	R B2 D2 R2 D R D B' R D' R2
76345123211111	12187904	R B R D' B2 R2 B D' B R2 B2
76345123311113	14083251	R B2 R2 B' R D' R2 B R' B' D2
76345123311131	13445994	R B D B2 D' B' R2 D B2 D' B2
76345123312211	11459080	R B R B' R B' D' B2 R2 D' R
76351421112323	16549174	R B' R2 B D' R B2 D' B2 D R2
76351421113322	12303854	R B R2 B' R2 D2 B D' B' D2 B'
76351423321232	13002820	R B R2 B' D' B2 R B' R D R'
76354121121212	15216052	R B2 R' B R2 B D R' B' D B2
76354121122121	12770227	R B R B2 D' R2 B D R2 D R'
76354121311313	13019752	R B R D2 B' R B D' B D' R'
76354121313131	14350530	R B D R B D' R' B D2 R' D
76354122111212	16684520	R B' R D' R2 D R2 B D' R2 D
76354122112121	13877705	R B D' R B R2 B R' D2 B D2
76354122212222	13242203	R B R2 D2 B R' B R B' D2 B'
76354123211123	14187787	R B2 R D B2 D' R' B2 D B D'
76354123211132	12323950	R B R' D R2 B' D' B R' D2 R2
76354123313333	14475697	R B2 R2 D B' D B' R2 B D2 R2
76354212213323	13169974	R B D2 B D R2 B D2 B D2 B
76354212312233	13543407	R B2 R D' R D R2 B' R B R
76354212313322	14423067	R B' R B2 D' B' D B' R2 B D'
76354212333332	13259004	R B2 R' B R' D2 B2 R' B' R2 D'
76354213222223	13005771	R B2 R D2 R2 B D R D' R2 D'
76354213312223	12202011	R B R B' R2 D B D' R B2 R
76421351131121	10534681	R B R B' D2 B' R' B' R D2 B'
76512343213313	21103622	R D2 B' R2 D R' B R' B D' B
76512343332311	21052282	R D2 B' R2 D R' D R' B D' R
76514321112323	14116864	R B D B2 D B' D' R D' R2 D2
76514321232113	13010724	R B D' R' D R2 D B' R B2 R2
76521433232333	12587044	R B R' B2 D' B R' D' R2 B D
76523413223231	13241170	R B2 D R' D R D2 B' R B R2
76524313331222	16368372	R B2 R D2 R2 D B2 R' D2 R2 B
76541232131213	21633256	R D' B2 D' R B D R2 D2 R B
76541232221222	13302068	R B R2 B2 R' D' R2 B D2 B' D2
76541233121213	13717390	R B R2 D' R D B R2 B2 D' B
76541233331333	14770576	R B D2 B2 D' B' R2 D B2 D' B2
76541233333313	16698624	R B' D' R D2 R2 D R' B' D R2
76543211111111	28384387	R2 D' R B R B2 R D' B' R B'
76543211212112	14568109	R B' D B2 R B2 R' B D' B2 D2
76543211223221	11818030	R B2 R' D R' B2 D2 B' D' B2 D'
76543211332331	11801273	R B2 R' B D2 R' D' B' D R' D'
76543211333333	13052614	R B2 D' R B D' B D' B2 D' B
76543212132323	13014678	R B D' R D' B2 R2 D R B D'
76543212222221	12490028	R B2 R2 D2 R D' R2 B R B2 D2
76543212323213	12837514	R B D2 R' B R' D2 B D B2 D2
76543213113131	12920421	R B2 R2 D B R2 B D' B' R2 D
